[
  {
    "id": "OQkjP-deneo",
    "title": "【360度動画】ちょこがぎゅーーーーってしてあげる!【ホロライブ/癒月ちょこ】",
    "type": "stream",
    "topic_id": "asmr",
    "published_at": "2022-09-03T01:26:50.000Z",
    "available_at": "2022-09-03T01:26:50.000Z",
    "duration": 614,
    "status": "past",
    "channel": {
      "id": "UCp3tgHXw_HI0QMk1K8qh3gQ",
      "name": "Choco subCh. 癒月ちょこ",
      "org": "Hololive",
      "suborg": "d_2nd Generation",
      "type": "vtuber",
      "photo": "https://yt3.ggpht.com/ytc/AIdro_lBcS1Cn31jIe6PFAKIhCGClH6qfCLSHut5VXPvqh1qVQ=s800-c-k-c0x00ffffff-no-rj",
      "english_name": "Choco Sub Channel"
    },
    "collabs": []
  },
  {
    "id": "LkbWSkQb8ak",
    "title": "【Ark: Survival Evolved】エクス軍隊ついに完成…!【ホロライブ/癒月ちょこ】",
    "type": "stream",
    "topic_id": "ark",
    "published_at": "2021-03-06T10:32:58.000Z",
    "available_at": "2021-03-06T07:04:32.000Z",
    "duration": 10880,
    "status": "past",
    "start_scheduled": "2021-03-06T07:00:00.000Z",
    "start_actual": "2021-03-06T07:04:32.000Z",
    "end_actual": "2021-03-06T10:05:58.000Z",
    "live_viewers": 0,
    "channel": {
      "id": "UCp3tgHXw_HI0QMk1K8qh3gQ",
      "name": "Choco subCh. 癒月ちょこ",
      "org": "Hololive",
      "suborg": "d_2nd Generation",
      "type": "vtuber",
      "photo": "https://yt3.ggpht.com/ytc/AIdro_lBcS1Cn31jIe6PFAKIhCGClH6qfCLSHut5VXPvqh1qVQ=s800-c-k-c0x00ffffff-no-rj",
      "english_name": "Choco Sub Channel"
    },
    "collabs": []
  },
  {
    "id": "iozJ_Th_gUM",
    "title": "【Ark: Survival Evolved】へなちょこ悪魔のガチャARK【ホロライブ/癒月ちょこ】",
    "type": "stream",
    "topic_id": "ark",
    "published_at": "2021-02-08T10:39:51.000Z",
    "available_at": "2021-02-08T09:01:29.000Z",
    "duration": 5306,
    "status": "past",
    "start_scheduled": "2021-02-08T09:00:00.000Z",
    "start_actual": "2021-02-08T09:01:29.000Z",
    "end_actual": "2021-02-08T10:30:00.000Z",
    "live_viewers": 0,
    "channel": {
      "id": "UCp3tgHXw_HI0QMk1K8qh3gQ",
      "name": "Choco subCh. 癒月ちょこ",
      "org": "Hololive",
      "suborg": "d_2nd Generation",
      "type": "vtuber",
      "photo": "https://yt3.ggpht.com/ytc/AIdro_lBcS1Cn31jIe6PFAKIhCGClH6qfCLSHut5VXPvqh1qVQ=s800-c-k-c0x00ffffff-no-rj",
      "english_name": "Choco Sub Channel"
    },
    "collabs": []
  },
  {
    "id": "y4-DPyWF8us",
    "title": "【Ark: Survival Evolved】素材王ARKここに復活?【ホロライブ/癒月ちょこ】",
    "type": "stream",
    "topic_id": "ark",
    "published_at": "2021-01-29T07:22:11.000Z",
    "available_at": "2021-01-29T04:24:05.000Z",
    "duration": 9603,
    "status": "past",
    "start_scheduled": "2021-01-29T04:20:00.000Z",
    "start_actual": "2021-01-29T04:24:05.000Z",
    "end_actual": "2021-01-29T07:04:10.000Z",
    "live_viewers": 0,
    "channel": {
      "id": "UCp3tgHXw_HI0QMk1K8qh3gQ",
      "name": "Choco subCh. 癒月ちょこ",
      "org": "Hololive",
      "suborg": "d_2nd Generation",
      "type": "vtuber",
      "photo": "https://yt3.ggpht.com/ytc/AIdro_lBcS1Cn31jIe6PFAKIhCGClH6qfCLSHut5VXPvqh1qVQ=s800-c-k-c0x00ffffff-no-rj",
      "english_name": "Choco Sub Channel"
    },
    "collabs": []
  },
  {
    "id": "PvuuqMfLXYI",
    "title": "【Ark: Survival Evolved】素材王ARKここに復活?【ホロライブ/癒月ちょこ】",
    "type": "stream",
    "topic_id": "ark",
    "published_at": "2021-01-29T04:15:16.000Z",
    "available_at": "2021-01-29T04:04:35.000Z",
    "duration": 546,
    "status": "past",
    "start_scheduled": "2021-01-29T04:00:00.000Z",
    "start_actual": "2021-01-29T04:04:35.000Z",
    "end_actual": "2021-01-29T04:13:40.000Z",
    "live_viewers": 0,
    "channel": {
      "id": "UCp3tgHXw_HI0QMk1K8qh3gQ",
      "name": "Choco subCh. 癒月ちょこ",
      "org": "Hololive",
      "suborg": "d_2nd Generation",
      "type": "vtuber",
      "photo": "https://yt3.ggpht.com/ytc/AIdro_lBcS1Cn31jIe6PFAKIhCGClH6qfCLSHut5VXPvqh1qVQ=s800-c-k-c0x00ffffff-no-rj",
      "english_name": "Choco Sub Channel"
    },
    "collabs": []
  },
  {
    "id": "QRWQ_weZmd4",
    "title": "【Ark: Survival Evolved】へなちょこ悪魔のつよつよARK【ホロライブ/癒月ちょこ】",
    "type": "stream",
    "topic_id": "ark",
    "published_at": "2021-01-13T07:48:47.000Z",
    "available_at": "2021-01-13T07:43:03.000Z",
    "duration": 272,
    "status": "past",
    "start_scheduled": "2021-01-13T07:35:00.000Z",
    "start_actual": "2021-01-13T07:43:03.000Z",
    "end_actual": "2021-01-13T07:47:34.000Z",
    "live_viewers": 0,
    "channel": {
      "id": "UCp3tgHXw_HI0QMk1K8qh3gQ",
      "name": "Choco subCh. 癒月ちょこ",
      "org": "Hololive",
      "suborg": "d_2nd Generation",
      "type": "vtuber",
      "photo": "https://yt3.ggpht.com/ytc/AIdro_lBcS1Cn31jIe6PFAKIhCGClH6qfCLSHut5VXPvqh1qVQ=s800-c-k-c0x00ffffff-no-rj",
      "english_name": "Choco Sub Channel"
    },
    "collabs": []
  },
  {
    "id": "h7z5Z-sYzQY",
    "title": "【Ark: Survival Evolved】へなちょこ悪魔の朝活ARK【ホロライブ/癒月ちょこ】",
    "type": "stream",
    "topic_id": "ark",
    "published_at": "2021-01-07T11:25:48.000Z",
    "available_at": "2021-01-07T07:47:08.000Z",
    "duration": 11835,
    "status": "past",
    "start_scheduled": "2021-01-07T07:45:00.000Z",
    "start_actual": "2021-01-07T07:47:08.000Z",
    "end_actual": "2021-01-07T11:04:24.000Z",
    "live_viewers": 0,
    "channel": {
      "id": "UCp3tgHXw_HI0QMk1K8qh3gQ",
      "name": "Choco subCh. 癒月ちょこ",
      "org": "Hololive",
      "suborg": "d_2nd Generation",
      "type": "vtuber",
      "photo": "https://yt3.ggpht.com/ytc/AIdro_lBcS1Cn31jIe6PFAKIhCGClH6qfCLSHut5VXPvqh1qVQ=s800-c-k-c0x00ffffff-no-rj",
      "english_name": "Choco Sub Channel"
    },
    "collabs": []
  },
  {
    "id": "XopSvQkwrAQ",
    "title": "【Ark: Survival Evolved】へなちょこ悪魔の年始ARK【ホロライブ/癒月ちょこ】",
    "type": "stream",
    "topic_id": "ark",
    "published_at": "2021-01-03T13:32:07.000Z",
    "available_at": "2021-01-03T08:00:44.000Z",
    "duration": 17776,
    "status": "past",
    "start_scheduled": "2021-01-03T08:00:00.000Z",
    "start_actual": "2021-01-03T08:00:44.000Z",
    "end_actual": "2021-01-03T12:57:07.000Z",
    "live_viewers": 0,
    "channel": {
      "id": "UCp3tgHXw_HI0QMk1K8qh3gQ",
      "name": "Choco subCh. 癒月ちょこ",
      "org": "Hololive",
      "suborg": "d_2nd Generation",
      "type": "vtuber",
      "photo": "https://yt3.ggpht.com/ytc/AIdro_lBcS1Cn31jIe6PFAKIhCGClH6qfCLSHut5VXPvqh1qVQ=s800-c-k-c0x00ffffff-no-rj",
      "english_name": "Choco Sub Channel"
    },
    "collabs": []
  },
  {
    "id": "txOAq7re5Zk",
    "title": "【Ark: Survival Evolved】へなちょこ悪魔の年納ARK【ホロライブ/癒月ちょこ】",
    "type": "stream",
    "topic_id": "ark",
    "published_at": "2020-12-31T09:23:16.000Z",
    "available_at": "2020-12-31T06:04:10.000Z",
    "duration": 10963,
    "status": "past",
    "start_scheduled": "2020-12-31T06:00:00.000Z",
    "start_actual": "2020-12-31T06:04:10.000Z",
    "end_actual": "2020-12-31T09:06:54.000Z",
    "live_viewers": 0,
    "channel": {
      "id": "UCp3tgHXw_HI0QMk1K8qh3gQ",
      "name": "Choco subCh. 癒月ちょこ",
      "org": "Hololive",
      "suborg": "d_2nd Generation",
      "type": "vtuber",
      "photo": "https://yt3.ggpht.com/ytc/AIdro_lBcS1Cn31jIe6PFAKIhCGClH6qfCLSHut5VXPvqh1qVQ=s800-c-k-c0x00ffffff-no-rj",
      "english_name": "Choco Sub Channel"
    },
    "collabs": []
  },
  {
    "id": "etqurJQgtUw",
    "title": "【Ark: Survival Evolved】へなちょこ悪魔クリスマスイベ参戦!【ホロライブ/癒月ちょこ】",
    "type": "stream",
    "topic_id": "ark",
    "published_at": "2020-12-24T08:10:39.000Z",
    "available_at": "2020-12-24T06:06:06.000Z",
    "duration": 6844,
    "status": "past",
    "start_scheduled": "2020-12-24T06:00:00.000Z",
    "start_actual": "2020-12-24T06:06:06.000Z",
    "end_actual": "2020-12-24T08:00:09.000Z",
    "live_viewers": 0,
    "channel": {
      "id": "UCp3tgHXw_HI0QMk1K8qh3gQ",
      "name": "Choco subCh. 癒月ちょこ",
      "org": "Hololive",
      "suborg": "d_2nd Generation",
      "type": "vtuber",
      "photo": "https://yt3.ggpht.com/ytc/AIdro_lBcS1Cn31jIe6PFAKIhCGClH6qfCLSHut5VXPvqh1qVQ=s800-c-k-c0x00ffffff-no-rj",
      "english_name": "Choco Sub Channel"
    },
    "collabs": []
  },
  {
    "id": "ebagEIrD7K0",
    "title": "【Ark: Survival Evolved】悪魔のエレメント取集耐久配信?!【ホロライブ/癒月ちょこ】",
    "type": "stream",
    "topic_id": "ark",
    "published_at": "2020-12-15T17:56:11.000Z",
    "available_at": "2020-12-15T15:16:48.000Z",
    "duration": 8668,
    "status": "past",
    "start_scheduled": "2020-12-15T15:00:00.000Z",
    "start_actual": "2020-12-15T15:16:48.000Z",
    "end_actual": "2020-12-15T17:41:15.000Z",
    "live_viewers": 0,
    "channel": {
      "id": "UCp3tgHXw_HI0QMk1K8qh3gQ",
      "name": "Choco subCh. 癒月ちょこ",
      "org": "Hololive",
      "suborg": "d_2nd Generation",
      "type": "vtuber",
      "photo": "https://yt3.ggpht.com/ytc/AIdro_lBcS1Cn31jIe6PFAKIhCGClH6qfCLSHut5VXPvqh1qVQ=s800-c-k-c0x00ffffff-no-rj",
      "english_name": "Choco Sub Channel"
    },
    "collabs": []
  },
  {
    "id": "gRnxEirPjFk",
    "title": "【Ark: Survival Evolved】へなちょこ悪魔のARK復活ログイン【ホロライブ/癒月ちょこ】",
    "type": "stream",
    "topic_id": "ark",
    "published_at": "2020-12-09T10:12:57.000Z",
    "available_at": "2020-12-09T04:01:19.000Z",
    "duration": 18782,
    "status": "past",
    "start_scheduled": "2020-12-09T04:00:00.000Z",
    "start_actual": "2020-12-09T04:01:19.000Z",
    "end_actual": "2020-12-09T09:14:20.000Z",
    "live_viewers": 0,
    "channel": {
      "id": "UCp3tgHXw_HI0QMk1K8qh3gQ",
      "name": "Choco subCh. 癒月ちょこ",
      "org": "Hololive",
      "suborg": "d_2nd Generation",
      "type": "vtuber",
      "photo": "https://yt3.ggpht.com/ytc/AIdro_lBcS1Cn31jIe6PFAKIhCGClH6qfCLSHut5VXPvqh1qVQ=s800-c-k-c0x00ffffff-no-rj",
      "english_name": "Choco Sub Channel"
    },
    "collabs": []
  },
  {
    "id": "Z5W9-Uv7hYY",
    "title": "【Ark: Survival Evolved】へなちょこ悪魔のつよつよARK【ホロライブ/癒月ちょこ】",
    "type": "stream",
    "topic_id": "ark",
    "published_at": "2020-11-10T14:16:00.000Z",
    "available_at": "2020-11-10T11:03:42.000Z",
    "duration": 10464,
    "status": "past",
    "start_scheduled": "2020-11-10T11:00:00.000Z",
    "start_actual": "2020-11-10T11:03:42.000Z",
    "end_actual": "2020-11-10T13:58:07.000Z",
    "live_viewers": 0,
    "channel": {
      "id": "UCp3tgHXw_HI0QMk1K8qh3gQ",
      "name": "Choco subCh. 癒月ちょこ",
      "org": "Hololive",
      "suborg": "d_2nd Generation",
      "type": "vtuber",
      "photo": "https://yt3.ggpht.com/ytc/AIdro_lBcS1Cn31jIe6PFAKIhCGClH6qfCLSHut5VXPvqh1qVQ=s800-c-k-c0x00ffffff-no-rj",
      "english_name": "Choco Sub Channel"
    },
    "collabs": []
  },
  {
    "id": "5XCcf90H8Mk",
    "title": "【Ark: Survival Evolved】へなちょこ悪魔の朝活ARK【ホロライブ/癒月ちょこ】",
    "type": "stream",
    "topic_id": "ark",
    "published_at": "2020-10-27T22:49:59.000Z",
    "available_at": "2020-10-27T21:32:40.000Z",
    "duration": 4332,
    "status": "past",
    "start_scheduled": "2020-10-27T21:30:00.000Z",
    "start_actual": "2020-10-27T21:32:40.000Z",
    "end_actual": "2020-10-27T22:44:53.000Z",
    "live_viewers": 0,
    "channel": {
      "id": "UCp3tgHXw_HI0QMk1K8qh3gQ",
      "name": "Choco subCh. 癒月ちょこ",
      "org": "Hololive",
      "suborg": "d_2nd Generation",
      "type": "vtuber",
      "photo": "https://yt3.ggpht.com/ytc/AIdro_lBcS1Cn31jIe6PFAKIhCGClH6qfCLSHut5VXPvqh1qVQ=s800-c-k-c0x00ffffff-no-rj",
      "english_name": "Choco Sub Channel"
    },
    "collabs": []
  },
  {
    "id": "bkrKmpu8nlw",
    "title": "【Ark: Survival Evolved】へなちょこ悪魔のARK生活!恐竜審査編【ホロライブ/癒月ちょこ】",
    "type": "stream",
    "topic_id": "ark",
    "published_at": "2020-09-19T15:47:34.000Z",
    "available_at": "2020-09-19T13:02:49.000Z",
    "duration": 8814,
    "status": "past",
    "start_scheduled": "2020-09-19T13:00:00.000Z",
    "start_actual": "2020-09-19T13:02:49.000Z",
    "end_actual": "2020-09-19T15:29:44.000Z",
    "live_viewers": 0,
    "channel": {
      "id": "UCp3tgHXw_HI0QMk1K8qh3gQ",
      "name": "Choco subCh. 癒月ちょこ",
      "org": "Hololive",
      "suborg": "d_2nd Generation",
      "type": "vtuber",
      "photo": "https://yt3.ggpht.com/ytc/AIdro_lBcS1Cn31jIe6PFAKIhCGClH6qfCLSHut5VXPvqh1qVQ=s800-c-k-c0x00ffffff-no-rj",
      "english_name": "Choco Sub Channel"
    },
    "collabs": []
  },
  {
    "id": "R0ugHjLRsrw",
    "title": "【Ark: Survival Evolved】へなちょこ悪魔の朝活ARK【ホロライブ/癒月ちょこ】",
    "type": "stream",
    "topic_id": "ark",
    "published_at": "2020-09-07T02:17:04.000Z",
    "available_at": "2020-09-07T00:02:35.000Z",
    "duration": 7295,
    "status": "past",
    "start_scheduled": "2020-09-07T00:00:00.000Z",
    "start_actual": "2020-09-07T00:02:35.000Z",
    "end_actual": "2020-09-07T02:04:11.000Z",
    "live_viewers": 0,
    "channel": {
      "id": "UCp3tgHXw_HI0QMk1K8qh3gQ",
      "name": "Choco subCh. 癒月ちょこ",
      "org": "Hololive",
      "suborg": "d_2nd Generation",
      "type": "vtuber",
      "photo": "https://yt3.ggpht.com/ytc/AIdro_lBcS1Cn31jIe6PFAKIhCGClH6qfCLSHut5VXPvqh1qVQ=s800-c-k-c0x00ffffff-no-rj",
      "english_name": "Choco Sub Channel"
    },
    "collabs": []
  },
  {
    "id": "YWtgSgOzbLU",
    "title": "【Ark: Survival Evolved】へなちょこ悪魔の夜ふかしARK【ホロライブ/癒月ちょこ】",
    "type": "stream",
    "topic_id": "ark",
    "published_at": "2020-08-29T17:28:03.000Z",
    "available_at": "2020-08-29T15:00:35.000Z",
    "duration": 7851,
    "status": "past",
    "start_scheduled": "2020-08-29T15:00:00.000Z",
    "start_actual": "2020-08-29T15:00:35.000Z",
    "end_actual": "2020-08-29T17:11:28.000Z",
    "live_viewers": 0,
    "channel": {
      "id": "UCp3tgHXw_HI0QMk1K8qh3gQ",
      "name": "Choco subCh. 癒月ちょこ",
      "org": "Hololive",
      "suborg": "d_2nd Generation",
      "type": "vtuber",
      "photo": "https://yt3.ggpht.com/ytc/AIdro_lBcS1Cn31jIe6PFAKIhCGClH6qfCLSHut5VXPvqh1qVQ=s800-c-k-c0x00ffffff-no-rj",
      "english_name": "Choco Sub Channel"
    },
    "collabs": []
  },
  {
    "id": "klHw3OsUrps",
    "title": "【Ark: Survival Evolved】へなちょこ悪魔がスコーチドアースに初上陸!【ホロライブ/癒月ちょこ】",
    "type": "stream",
    "topic_id": "ark",
    "published_at": "2020-08-12T05:37:49.000Z",
    "available_at": "2020-08-12T01:05:33.000Z",
    "duration": 14200,
    "status": "past",
    "start_scheduled": "2020-08-12T01:00:00.000Z",
    "start_actual": "2020-08-12T01:05:33.000Z",
    "end_actual": "2020-08-12T05:02:31.000Z",
    "live_viewers": 0,
    "channel": {
      "id": "UCp3tgHXw_HI0QMk1K8qh3gQ",
      "name": "Choco subCh. 癒月ちょこ",
      "org": "Hololive",
      "suborg": "d_2nd Generation",
      "type": "vtuber",
      "photo": "https://yt3.ggpht.com/ytc/AIdro_lBcS1Cn31jIe6PFAKIhCGClH6qfCLSHut5VXPvqh1qVQ=s800-c-k-c0x00ffffff-no-rj",
      "english_name": "Choco Sub Channel"
    },
    "collabs": []
  },
  {
    "id": "4ifX-bawxE0",
    "title": "【APEX】見た目だけ最強になりたいへなちょこ悪魔のガチャ配信【ホロライブ/癒月ちょこ】",
    "type": "stream",
    "topic_id": "apex",
    "published_at": "2020-08-09T12:44:22.000Z",
    "available_at": "2020-08-09T10:04:10.000Z",
    "duration": 8587,
    "status": "past",
    "start_scheduled": "2020-08-09T10:00:00.000Z",
    "start_actual": "2020-08-09T10:04:10.000Z",
    "end_actual": "2020-08-09T12:27:17.000Z",
    "live_viewers": 0,
    "channel": {
      "id": "UCp3tgHXw_HI0QMk1K8qh3gQ",
      "name": "Choco subCh. 癒月ちょこ",
      "org": "Hololive",
      "suborg": "d_2nd Generation",
      "type": "vtuber",
      "photo": "https://yt3.ggpht.com/ytc/AIdro_lBcS1Cn31jIe6PFAKIhCGClH6qfCLSHut5VXPvqh1qVQ=s800-c-k-c0x00ffffff-no-rj",
      "english_name": "Choco Sub Channel"
    },
    "collabs": []
  },
  {
    "id": "4XzNq4MnDHU",
    "title": "【Ark: Survival Evolved】へなちょこ悪魔がつよつよティラノテイムする!【ホロライブ/癒月ちょこ】",
    "type": "stream",
    "topic_id": "ark",
    "published_at": "2020-08-06T07:56:33.000Z",
    "available_at": "2020-08-06T06:04:16.000Z",
    "duration": 5944,
    "status": "past",
    "start_scheduled": "2020-08-06T06:00:00.000Z",
    "start_actual": "2020-08-06T06:04:16.000Z",
    "end_actual": "2020-08-06T07:43:36.000Z",
    "live_viewers": 0,
    "channel": {
      "id": "UCp3tgHXw_HI0QMk1K8qh3gQ",
      "name": "Choco subCh. 癒月ちょこ",
      "org": "Hololive",
      "suborg": "d_2nd Generation",
      "type": "vtuber",
      "photo": "https://yt3.ggpht.com/ytc/AIdro_lBcS1Cn31jIe6PFAKIhCGClH6qfCLSHut5VXPvqh1qVQ=s800-c-k-c0x00ffffff-no-rj",
      "english_name": "Choco Sub Channel"
    },
    "collabs": []
  },
  {
    "id": "9Cgc66t2kBk",
    "title": "【Ark: Survival Evolved】へなちょこ悪魔がかなた様からもらったつよつよティラノブリして繁殖する!【ホロライブ/癒月ちょこ】",
    "type": "stream",
    "topic_id": "ark",
    "published_at": "2020-08-04T07:40:55.000Z",
    "available_at": "2020-08-04T06:05:40.000Z",
    "duration": 5203,
    "status": "past",
    "start_scheduled": "2020-08-04T06:00:00.000Z",
    "start_actual": "2020-08-04T06:05:40.000Z",
    "end_actual": "2020-08-04T07:32:24.000Z",
    "live_viewers": 0,
    "mentions": [
      {
        "id": "UCZlDXzGoo7d44bwdNObFacg",
        "org": "Hololive",
        "lang": null,
        "name": "Kanata Ch. 天音かなた",
        "type": "vtuber",
        "photo": "https://yt3.ggpht.com/KjtzUgvj7v4socyPBkwZVlRJC9YU7Seka_a2lYf-LuBgc_YXXknzaR--5rbtYR46Q-JAWcR-=s800-c-k-c0x00ffffff-no-rj",
        "suborg": "fa4th Generation (holoForce)",
        "english_name": "Amane Kanata"
      }
    ],
    "channel": {
      "id": "UCp3tgHXw_HI0QMk1K8qh3gQ",
      "name": "Choco subCh. 癒月ちょこ",
      "org": "Hololive",
      "suborg": "d_2nd Generation",
      "type": "vtuber",
      "photo": "https://yt3.ggpht.com/ytc/AIdro_lBcS1Cn31jIe6PFAKIhCGClH6qfCLSHut5VXPvqh1qVQ=s800-c-k-c0x00ffffff-no-rj",
      "english_name": "Choco Sub Channel"
    },
    "collabs": [
      {
        "id": "UCZlDXzGoo7d44bwdNObFacg",
        "name": "Kanata Ch. 天音かなた",
        "duration_seconds": 5204
      }
    ]
  },
  {
    "id": "36O35Gq6i98",
    "title": "【Ark: Survival Evolved】へなちょこ悪魔がココ様からもらった恐竜つよつよにする!【ホロライブ/癒月ちょこ】",
    "type": "stream",
    "topic_id": "ark",
    "published_at": "2020-08-02T08:43:12.000Z",
    "available_at": "2020-08-02T06:01:57.000Z",
    "duration": 8399,
    "status": "past",
    "start_scheduled": "2020-08-02T06:00:00.000Z",
    "start_actual": "2020-08-02T06:01:57.000Z",
    "end_actual": "2020-08-02T08:21:57.000Z",
    "live_viewers": 0,
    "channel": {
      "id": "UCp3tgHXw_HI0QMk1K8qh3gQ",
      "name": "Choco subCh. 癒月ちょこ",
      "org": "Hololive",
      "suborg": "d_2nd Generation",
      "type": "vtuber",
      "photo": "https://yt3.ggpht.com/ytc/AIdro_lBcS1Cn31jIe6PFAKIhCGClH6qfCLSHut5VXPvqh1qVQ=s800-c-k-c0x00ffffff-no-rj",
      "english_name": "Choco Sub Channel"
    },
    "collabs": []
  },
  {
    "id": "IPfWvJf0RcA",
    "title": "【作業用BGM】へなちょこ悪魔が素材支配進めるARK生活【ホロライブ/癒月ちょこ】",
    "type": "stream",
    "topic_id": "ark",
    "published_at": "2020-07-28T07:17:29.000Z",
    "available_at": "2020-07-28T05:23:12.000Z",
    "duration": 6168,
    "status": "past",
    "start_scheduled": "2020-07-28T05:20:00.000Z",
    "start_actual": "2020-07-28T05:23:12.000Z",
    "end_actual": "2020-07-28T07:06:00.000Z",
    "live_viewers": 0,
    "channel": {
      "id": "UCp3tgHXw_HI0QMk1K8qh3gQ",
      "name": "Choco subCh. 癒月ちょこ",
      "org": "Hololive",
      "suborg": "d_2nd Generation",
      "type": "vtuber",
      "photo": "https://yt3.ggpht.com/ytc/AIdro_lBcS1Cn31jIe6PFAKIhCGClH6qfCLSHut5VXPvqh1qVQ=s800-c-k-c0x00ffffff-no-rj",
      "english_name": "Choco Sub Channel"
    },
    "collabs": []
  },
  {
    "id": "E9Xidbo1j84",
    "title": "【作業用BGM】へなちょこ悪魔が鯖恐竜レベ上げ支配進めるARK生活【ホロライブ/癒月ちょこ】",
    "type": "stream",
    "topic_id": "ark",
    "published_at": "2020-07-24T06:23:14.000Z",
    "available_at": "2020-07-24T05:01:56.000Z",
    "duration": 3973,
    "status": "past",
    "start_scheduled": "2020-07-24T05:00:00.000Z",
    "start_actual": "2020-07-24T05:01:56.000Z",
    "end_actual": "2020-07-24T06:08:10.000Z",
    "live_viewers": 0,
    "channel": {
      "id": "UCp3tgHXw_HI0QMk1K8qh3gQ",
      "name": "Choco subCh. 癒月ちょこ",
      "org": "Hololive",
      "suborg": "d_2nd Generation",
      "type": "vtuber",
      "photo": "https://yt3.ggpht.com/ytc/AIdro_lBcS1Cn31jIe6PFAKIhCGClH6qfCLSHut5VXPvqh1qVQ=s800-c-k-c0x00ffffff-no-rj",
      "english_name": "Choco Sub Channel"
    },
    "collabs": []
  },
  {
    "id": "FalFSl9NR6o",
    "title": "【作業用BGM】へなちょこ悪魔がまったりカワウソ支配進めるARK生活【ホロライブ/癒月ちょこ】",
    "type": "stream",
    "topic_id": "ark",
    "published_at": "2020-07-23T08:06:55.000Z",
    "available_at": "2020-07-23T06:02:23.000Z",
    "duration": 6802,
    "status": "past",
    "start_scheduled": "2020-07-23T06:00:00.000Z",
    "start_actual": "2020-07-23T06:02:23.000Z",
    "end_actual": "2020-07-23T07:55:44.000Z",
    "live_viewers": 0,
    "channel": {
      "id": "UCp3tgHXw_HI0QMk1K8qh3gQ",
      "name": "Choco subCh. 癒月ちょこ",
      "org": "Hololive",
      "suborg": "d_2nd Generation",
      "type": "vtuber",
      "photo": "https://yt3.ggpht.com/ytc/AIdro_lBcS1Cn31jIe6PFAKIhCGClH6qfCLSHut5VXPvqh1qVQ=s800-c-k-c0x00ffffff-no-rj",
      "english_name": "Choco Sub Channel"
    },
    "collabs": []
  },
  {
    "id": "LSQnzAAkYQk",
    "title": "【作業用BGM】へなちょこ悪魔がまったり鯖支配進めるARK生活【ホロライブ/癒月ちょこ】",
    "type": "stream",
    "topic_id": "ark",
    "published_at": "2020-07-22T11:04:50.000Z",
    "available_at": "2020-07-22T06:03:47.000Z",
    "duration": 14427,
    "status": "past",
    "start_scheduled": "2020-07-22T06:00:00.000Z",
    "start_actual": "2020-07-22T06:03:47.000Z",
    "end_actual": "2020-07-22T10:04:16.000Z",
    "live_viewers": 0,
    "channel": {
      "id": "UCp3tgHXw_HI0QMk1K8qh3gQ",
      "name": "Choco subCh. 癒月ちょこ",
      "org": "Hololive",
      "suborg": "d_2nd Generation",
      "type": "vtuber",
      "photo": "https://yt3.ggpht.com/ytc/AIdro_lBcS1Cn31jIe6PFAKIhCGClH6qfCLSHut5VXPvqh1qVQ=s800-c-k-c0x00ffffff-no-rj",
      "english_name": "Choco Sub Channel"
    },
    "collabs": []
  },
  {
    "id": "gEyMXNOEges",
    "title": "【作業用BGM】へなちょこ悪魔のARK生活!まったりトロペオテイム準備する【ホロライブ/癒月ちょこ】",
    "type": "stream",
    "topic_id": "ark",
    "published_at": "2020-07-14T09:08:43.000Z",
    "available_at": "2020-07-14T06:06:01.000Z",
    "duration": 8293,
    "status": "past",
    "start_scheduled": "2020-07-14T06:00:00.000Z",
    "start_actual": "2020-07-14T06:06:01.000Z",
    "end_actual": "2020-07-14T08:24:16.000Z",
    "live_viewers": 0,
    "channel": {
      "id": "UCp3tgHXw_HI0QMk1K8qh3gQ",
      "name": "Choco subCh. 癒月ちょこ",
      "org": "Hololive",
      "suborg": "d_2nd Generation",
      "type": "vtuber",
      "photo": "https://yt3.ggpht.com/ytc/AIdro_lBcS1Cn31jIe6PFAKIhCGClH6qfCLSHut5VXPvqh1qVQ=s800-c-k-c0x00ffffff-no-rj",
      "english_name": "Choco Sub Channel"
    },
    "collabs": []
  },
  {
    "id": "hmsVu7KBbTU",
    "title": "【作業用BGM】へなちょこ悪魔のARK生活!最強恐竜つくる!【ホロライブ/癒月ちょこ】",
    "type": "stream",
    "topic_id": "ark",
    "published_at": "2020-07-13T09:07:28.000Z",
    "available_at": "2020-07-13T06:08:21.000Z",
    "duration": 9033,
    "status": "past",
    "start_scheduled": "2020-07-13T06:05:00.000Z",
    "start_actual": "2020-07-13T06:08:21.000Z",
    "end_actual": "2020-07-13T08:38:55.000Z",
    "live_viewers": 0,
    "channel": {
      "id": "UCp3tgHXw_HI0QMk1K8qh3gQ",
      "name": "Choco subCh. 癒月ちょこ",
      "org": "Hololive",
      "suborg": "d_2nd Generation",
      "type": "vtuber",
      "photo": "https://yt3.ggpht.com/ytc/AIdro_lBcS1Cn31jIe6PFAKIhCGClH6qfCLSHut5VXPvqh1qVQ=s800-c-k-c0x00ffffff-no-rj",
      "english_name": "Choco Sub Channel"
    },
    "collabs": []
  },
  {
    "id": "UvJAyP_n45U",
    "title": "【作業用bgm】へなちょこ悪魔のARK生活!色違いテイム編!【ホロライブ/癒月ちょこ】",
    "type": "stream",
    "topic_id": "ark",
    "published_at": "2020-07-08T07:25:49.000Z",
    "available_at": "2020-07-08T06:03:12.000Z",
    "duration": 4205,
    "status": "past",
    "start_scheduled": "2020-07-08T06:00:00.000Z",
    "start_actual": "2020-07-08T06:03:12.000Z",
    "end_actual": "2020-07-08T07:13:16.000Z",
    "live_viewers": 0,
    "channel": {
      "id": "UCp3tgHXw_HI0QMk1K8qh3gQ",
      "name": "Choco subCh. 癒月ちょこ",
      "org": "Hololive",
      "suborg": "d_2nd Generation",
      "type": "vtuber",
      "photo": "https://yt3.ggpht.com/ytc/AIdro_lBcS1Cn31jIe6PFAKIhCGClH6qfCLSHut5VXPvqh1qVQ=s800-c-k-c0x00ffffff-no-rj",
      "english_name": "Choco Sub Channel"
    },
    "collabs": []
  },
  {
    "id": "LC1pYMawNTU",
    "title": "【作業用bgm】へなちょこ悪魔のARK生活!カニ退治編!【ホロライブ/癒月ちょこ】",
    "type": "stream",
    "topic_id": "ark",
    "published_at": "2020-07-07T08:53:34.000Z",
    "available_at": "2020-07-07T06:04:18.000Z",
    "duration": 8997,
    "status": "past",
    "start_scheduled": "2020-07-07T06:00:00.000Z",
    "start_actual": "2020-07-07T06:04:18.000Z",
    "end_actual": "2020-07-07T08:34:16.000Z",
    "live_viewers": 0,
    "channel": {
      "id": "UCp3tgHXw_HI0QMk1K8qh3gQ",
      "name": "Choco subCh. 癒月ちょこ",
      "org": "Hololive",
      "suborg": "d_2nd Generation",
      "type": "vtuber",
      "photo": "https://yt3.ggpht.com/ytc/AIdro_lBcS1Cn31jIe6PFAKIhCGClH6qfCLSHut5VXPvqh1qVQ=s800-c-k-c0x00ffffff-no-rj",
      "english_name": "Choco Sub Channel"
    },
    "collabs": []
  },
  {
    "id": "UKTBA5aGQkU",
    "title": "【作業用bgm】へなちょこ悪魔のARK生活!セメント大量生産編!【ホロライブ/癒月ちょこ】",
    "type": "stream",
    "topic_id": "ark",
    "published_at": "2020-07-05T08:14:28.000Z",
    "available_at": "2020-07-05T06:10:58.000Z",
    "duration": 6270,
    "status": "past",
    "start_scheduled": "2020-07-05T06:00:00.000Z",
    "start_actual": "2020-07-05T06:10:58.000Z",
    "end_actual": "2020-07-05T07:55:30.000Z",
    "live_viewers": 0,
    "channel": {
      "id": "UCp3tgHXw_HI0QMk1K8qh3gQ",
      "name": "Choco subCh. 癒月ちょこ",
      "org": "Hololive",
      "suborg": "d_2nd Generation",
      "type": "vtuber",
      "photo": "https://yt3.ggpht.com/ytc/AIdro_lBcS1Cn31jIe6PFAKIhCGClH6qfCLSHut5VXPvqh1qVQ=s800-c-k-c0x00ffffff-no-rj",
      "english_name": "Choco Sub Channel"
    },
    "collabs": []
  },
  {
    "id": "JUpLrwilqOU",
    "title": "【Ark: Survival Evolved】へなちょこ悪魔はティラノ厳選したいんじゃ【ホロライブ/癒月ちょこ】",
    "type": "stream",
    "topic_id": "ark",
    "published_at": "2020-07-04T10:02:24.000Z",
    "available_at": "2020-07-04T06:00:10.000Z",
    "duration": 12180,
    "status": "past",
    "start_scheduled": "2020-07-04T06:00:00.000Z",
    "start_actual": "2020-07-04T06:00:10.000Z",
    "end_actual": "2020-07-04T09:23:11.000Z",
    "live_viewers": 0,
    "channel": {
      "id": "UCp3tgHXw_HI0QMk1K8qh3gQ",
      "name": "Choco subCh. 癒月ちょこ",
      "org": "Hololive",
      "suborg": "d_2nd Generation",
      "type": "vtuber",
      "photo": "https://yt3.ggpht.com/ytc/AIdro_lBcS1Cn31jIe6PFAKIhCGClH6qfCLSHut5VXPvqh1qVQ=s800-c-k-c0x00ffffff-no-rj",
      "english_name": "Choco Sub Channel"
    },
    "collabs": []
  },
  {
    "id": "O7YGA_pJ2ww",
    "title": "【Ark: Survival Evolved】へなちょこ悪魔がまったり素材集め作業する!【ホロライブ/癒月ちょこ】",
    "type": "stream",
    "topic_id": "ark",
    "published_at": "2020-07-02T07:40:43.000Z",
    "available_at": "2020-07-02T06:07:30.000Z",
    "duration": 4855,
    "status": "past",
    "start_scheduled": "2020-07-02T06:00:00.000Z",
    "start_actual": "2020-07-02T06:07:30.000Z",
    "end_actual": "2020-07-02T07:28:28.000Z",
    "live_viewers": 0,
    "channel": {
      "id": "UCp3tgHXw_HI0QMk1K8qh3gQ",
      "name": "Choco subCh. 癒月ちょこ",
      "org": "Hololive",
      "suborg": "d_2nd Generation",
      "type": "vtuber",
      "photo": "https://yt3.ggpht.com/ytc/AIdro_lBcS1Cn31jIe6PFAKIhCGClH6qfCLSHut5VXPvqh1qVQ=s800-c-k-c0x00ffffff-no-rj",
      "english_name": "Choco Sub Channel"
    },
    "collabs": []
  },
  {
    "id": "tXgCfvhDmqc",
    "title": "【Ark: Survival Evolved】へなちょこ悪魔が色違い恐竜探す旅にでる!【ホロライブ/癒月ちょこ】",
    "type": "stream",
    "topic_id": "ark",
    "published_at": "2020-06-29T03:24:29.000Z",
    "available_at": "2020-06-29T00:01:08.000Z",
    "duration": 9710,
    "status": "past",
    "start_scheduled": "2020-06-29T00:00:00.000Z",
    "start_actual": "2020-06-29T00:01:08.000Z",
    "end_actual": "2020-06-29T02:42:59.000Z",
    "live_viewers": 0,
    "channel": {
      "id": "UCp3tgHXw_HI0QMk1K8qh3gQ",
      "name": "Choco subCh. 癒月ちょこ",
      "org": "Hololive",
      "suborg": "d_2nd Generation",
      "type": "vtuber",
      "photo": "https://yt3.ggpht.com/ytc/AIdro_lBcS1Cn31jIe6PFAKIhCGClH6qfCLSHut5VXPvqh1qVQ=s800-c-k-c0x00ffffff-no-rj",
      "english_name": "Choco Sub Channel"
    },
    "collabs": []
  },
  {
    "id": "0jVpzeRpbbw",
    "title": "【Ark: Survival Evolved】へなちょこ悪魔が色違いギガノト探す旅にでる!【ホロライブ/癒月ちょこ】",
    "type": "stream",
    "topic_id": "ark",
    "published_at": "2020-06-27T08:21:12.000Z",
    "available_at": "2020-06-27T05:05:07.000Z",
    "duration": 8935,
    "status": "past",
    "start_scheduled": "2020-06-27T05:05:00.000Z",
    "start_actual": "2020-06-27T05:05:07.000Z",
    "end_actual": "2020-06-27T07:34:09.000Z",
    "live_viewers": 0,
    "channel": {
      "id": "UCp3tgHXw_HI0QMk1K8qh3gQ",
      "name": "Choco subCh. 癒月ちょこ",
      "org": "Hololive",
      "suborg": "d_2nd Generation",
      "type": "vtuber",
      "photo": "https://yt3.ggpht.com/ytc/AIdro_lBcS1Cn31jIe6PFAKIhCGClH6qfCLSHut5VXPvqh1qVQ=s800-c-k-c0x00ffffff-no-rj",
      "english_name": "Choco Sub Channel"
    },
    "collabs": []
  },
  {
    "id": "l11X_qKk2m4",
    "title": "【Ark: Survival Evolved】今日はダイビング!へなちょこ悪魔の素材王の道!エレメント鉱石採取編【ホロライブ/癒月ちょこ】",
    "type": "stream",
    "topic_id": "ark",
    "published_at": "2020-06-24T21:40:56.000Z",
    "available_at": "2020-06-24T16:24:38.000Z",
    "duration": 17125,
    "status": "past",
    "start_scheduled": "2020-06-24T16:30:00.000Z",
    "start_actual": "2020-06-24T16:24:38.000Z",
    "end_actual": "2020-06-24T21:10:04.000Z",
    "live_viewers": 0,
    "channel": {
      "id": "UCp3tgHXw_HI0QMk1K8qh3gQ",
      "name": "Choco subCh. 癒月ちょこ",
      "org": "Hololive",
      "suborg": "d_2nd Generation",
      "type": "vtuber",
      "photo": "https://yt3.ggpht.com/ytc/AIdro_lBcS1Cn31jIe6PFAKIhCGClH6qfCLSHut5VXPvqh1qVQ=s800-c-k-c0x00ffffff-no-rj",
      "english_name": "Choco Sub Channel"
    },
    "collabs": []
  },
  {
    "id": "yrFkYCTfCGA",
    "title": "【Ark: Survival Evolved】へなちょこ悪魔の素材王の道!テイム素材大量生産深夜ゲリラ編【ホロライブ/癒月ちょこ】",
    "type": "stream",
    "topic_id": "ark",
    "published_at": "2020-06-23T16:16:51.000Z",
    "available_at": "2020-06-23T14:03:30.000Z",
    "duration": 6827,
    "status": "past",
    "start_scheduled": "2020-06-23T14:00:00.000Z",
    "start_actual": "2020-06-23T14:03:30.000Z",
    "end_actual": "2020-06-23T15:57:18.000Z",
    "live_viewers": 0,
    "channel": {
      "id": "UCp3tgHXw_HI0QMk1K8qh3gQ",
      "name": "Choco subCh. 癒月ちょこ",
      "org": "Hololive",
      "suborg": "d_2nd Generation",
      "type": "vtuber",
      "photo": "https://yt3.ggpht.com/ytc/AIdro_lBcS1Cn31jIe6PFAKIhCGClH6qfCLSHut5VXPvqh1qVQ=s800-c-k-c0x00ffffff-no-rj",
      "english_name": "Choco Sub Channel"
    },
    "collabs": []
  },
  {
    "id": "9zDrzDF4nFU",
    "title": "【Ark: Survival Evolved】へなちょこ悪魔の素材王の道!テイム素材大量生産編【ホロライブ/癒月ちょこ】",
    "type": "stream",
    "topic_id": "ark",
    "published_at": "2020-06-21T07:34:34.000Z",
    "available_at": "2020-06-21T06:16:55.000Z",
    "duration": 3995,
    "status": "past",
    "start_scheduled": "2020-06-21T06:00:00.000Z",
    "start_actual": "2020-06-21T06:16:55.000Z",
    "end_actual": "2020-06-21T07:23:31.000Z",
    "live_viewers": 0,
    "channel": {
      "id": "UCp3tgHXw_HI0QMk1K8qh3gQ",
      "name": "Choco subCh. 癒月ちょこ",
      "org": "Hololive",
      "suborg": "d_2nd Generation",
      "type": "vtuber",
      "photo": "https://yt3.ggpht.com/ytc/AIdro_lBcS1Cn31jIe6PFAKIhCGClH6qfCLSHut5VXPvqh1qVQ=s800-c-k-c0x00ffffff-no-rj",
      "english_name": "Choco Sub Channel"
    },
    "collabs": []
  },
  {
    "id": "iMcA8MIZnAE",
    "title": "【Ark: Survival Evolved】へなちょこ悪魔の素材王の道!火薬大量生産編【ホロライブ/癒月ちょこ】",
    "type": "stream",
    "topic_id": "ark",
    "published_at": "2020-06-20T08:08:59.000Z",
    "available_at": "2020-06-20T06:02:33.000Z",
    "duration": 5591,
    "status": "past",
    "start_scheduled": "2020-06-20T06:00:00.000Z",
    "start_actual": "2020-06-20T06:02:33.000Z",
    "end_actual": "2020-06-20T07:35:42.000Z",
    "live_viewers": 0,
    "channel": {
      "id": "UCp3tgHXw_HI0QMk1K8qh3gQ",
      "name": "Choco subCh. 癒月ちょこ",
      "org": "Hololive",
      "suborg": "d_2nd Generation",
      "type": "vtuber",
      "photo": "https://yt3.ggpht.com/ytc/AIdro_lBcS1Cn31jIe6PFAKIhCGClH6qfCLSHut5VXPvqh1qVQ=s800-c-k-c0x00ffffff-no-rj",
      "english_name": "Choco Sub Channel"
    },
    "collabs": []
  },
  {
    "id": "UW3DmO1AGF0",
    "title": "【Ark: Survival Evolved】へなちょこ悪魔の素材王の道!雪山テレポーター編【ホロライブ/癒月ちょこ】",
    "type": "stream",
    "topic_id": "ark",
    "published_at": "2020-06-19T23:10:46.000Z",
    "available_at": "2020-06-19T16:32:02.000Z",
    "duration": 20657,
    "status": "past",
    "start_scheduled": "2020-06-19T16:30:00.000Z",
    "start_actual": "2020-06-19T16:32:02.000Z",
    "end_actual": "2020-06-19T22:16:15.000Z",
    "live_viewers": 0,
    "channel": {
      "id": "UCp3tgHXw_HI0QMk1K8qh3gQ",
      "name": "Choco subCh. 癒月ちょこ",
      "org": "Hololive",
      "suborg": "d_2nd Generation",
      "type": "vtuber",
      "photo": "https://yt3.ggpht.com/ytc/AIdro_lBcS1Cn31jIe6PFAKIhCGClH6qfCLSHut5VXPvqh1qVQ=s800-c-k-c0x00ffffff-no-rj",
      "english_name": "Choco Sub Channel"
    },
    "collabs": []
  },
  {
    "id": "8z_GQeuXvXI",
    "title": "【Ark: Survival Evolved】へなちょこ悪魔の素材王の道!雪山編【ホロライブ/癒月ちょこ】",
    "type": "stream",
    "topic_id": "ark",
    "published_at": "2020-06-18T22:20:05.000Z",
    "available_at": "2020-06-18T15:31:25.000Z",
    "duration": 21991,
    "status": "past",
    "start_scheduled": "2020-06-18T15:30:00.000Z",
    "start_actual": "2020-06-18T15:31:25.000Z",
    "end_actual": "2020-06-18T21:37:41.000Z",
    "live_viewers": 0,
    "channel": {
      "id": "UCp3tgHXw_HI0QMk1K8qh3gQ",
      "name": "Choco subCh. 癒月ちょこ",
      "org": "Hololive",
      "suborg": "d_2nd Generation",
      "type": "vtuber",
      "photo": "https://yt3.ggpht.com/ytc/AIdro_lBcS1Cn31jIe6PFAKIhCGClH6qfCLSHut5VXPvqh1qVQ=s800-c-k-c0x00ffffff-no-rj",
      "english_name": "Choco Sub Channel"
    },
    "collabs": []
  },
  {
    "id": "OdJ6TM_Mj8c",
    "title": "【Ark: Survival Evolved】へなちょこ悪魔のお引越し!TEKテレポーターつくる【ホロライブ/癒月ちょこ】",
    "type": "stream",
    "topic_id": "ark",
    "published_at": "2020-06-16T22:48:08.000Z",
    "available_at": "2020-06-16T16:01:58.000Z",
    "duration": 22118,
    "status": "past",
    "start_scheduled": "2020-06-16T16:00:00.000Z",
    "start_actual": "2020-06-16T16:01:58.000Z",
    "end_actual": "2020-06-16T22:10:35.000Z",
    "live_viewers": 0,
    "channel": {
      "id": "UCp3tgHXw_HI0QMk1K8qh3gQ",
      "name": "Choco subCh. 癒月ちょこ",
      "org": "Hololive",
      "suborg": "d_2nd Generation",
      "type": "vtuber",
      "photo": "https://yt3.ggpht.com/ytc/AIdro_lBcS1Cn31jIe6PFAKIhCGClH6qfCLSHut5VXPvqh1qVQ=s800-c-k-c0x00ffffff-no-rj",
      "english_name": "Choco Sub Channel"
    },
    "collabs": []
  },
  {
    "id": "QOf4PjU-RxM",
    "title": "【Ark: Survival Evolved】へなちょこ悪魔のボス戦直前アベレーション編!エレメント?任せてほしい!【ホロライブ/癒月ちょこ】",
    "type": "stream",
    "topic_id": "ark",
    "published_at": "2020-06-16T04:17:47.000Z",
    "available_at": "2020-06-15T16:30:35.000Z",
    "duration": 34444,
    "status": "past",
    "start_scheduled": "2020-06-15T16:30:00.000Z",
    "start_actual": "2020-06-15T16:30:35.000Z",
    "end_actual": "2020-06-16T02:05:29.000Z",
    "live_viewers": 0,
    "channel": {
      "id": "UCp3tgHXw_HI0QMk1K8qh3gQ",
      "name": "Choco subCh. 癒月ちょこ",
      "org": "Hololive",
      "suborg": "d_2nd Generation",
      "type": "vtuber",
      "photo": "https://yt3.ggpht.com/ytc/AIdro_lBcS1Cn31jIe6PFAKIhCGClH6qfCLSHut5VXPvqh1qVQ=s800-c-k-c0x00ffffff-no-rj",
      "english_name": "Choco Sub Channel"
    },
    "collabs": []
  },
  {
    "id": "y4c-9mIAYdI",
    "title": "【Ark: Survival Evolved】へなちょこ悪魔の新鯖突入編!modなしの素材王に私はなる!【ホロライブ/癒月ちょこ】",
    "type": "stream",
    "topic_id": "ark",
    "published_at": "2020-06-15T05:19:20.000Z",
    "available_at": "2020-06-15T03:00:27.000Z",
    "duration": 7131,
    "status": "past",
    "start_scheduled": "2020-06-15T03:00:00.000Z",
    "start_actual": "2020-06-15T03:00:27.000Z",
    "end_actual": "2020-06-15T04:59:20.000Z",
    "live_viewers": 0,
    "channel": {
      "id": "UCp3tgHXw_HI0QMk1K8qh3gQ",
      "name": "Choco subCh. 癒月ちょこ",
      "org": "Hololive",
      "suborg": "d_2nd Generation",
      "type": "vtuber",
      "photo": "https://yt3.ggpht.com/ytc/AIdro_lBcS1Cn31jIe6PFAKIhCGClH6qfCLSHut5VXPvqh1qVQ=s800-c-k-c0x00ffffff-no-rj",
      "english_name": "Choco Sub Channel"
    },
    "collabs": []
  },
  {
    "id": "xNDA7YG63QE",
    "title": "【Ark: Survival Evolved】へなちょこ悪魔の新鯖突入編!素材マップ作る!深夜ゲリラ編【ホロライブ/癒月ちょこ】",
    "type": "stream",
    "topic_id": "ark",
    "published_at": "2020-06-14T21:48:44.000Z",
    "available_at": "2020-06-14T16:05:15.000Z",
    "duration": 17773,
    "status": "past",
    "start_scheduled": "2020-06-14T16:00:00.000Z",
    "start_actual": "2020-06-14T16:05:15.000Z",
    "end_actual": "2020-06-14T21:01:24.000Z",
    "live_viewers": 0,
    "channel": {
      "id": "UCp3tgHXw_HI0QMk1K8qh3gQ",
      "name": "Choco subCh. 癒月ちょこ",
      "org": "Hololive",
      "suborg": "d_2nd Generation",
      "type": "vtuber",
      "photo": "https://yt3.ggpht.com/ytc/AIdro_lBcS1Cn31jIe6PFAKIhCGClH6qfCLSHut5VXPvqh1qVQ=s800-c-k-c0x00ffffff-no-rj",
      "english_name": "Choco Sub Channel"
    },
    "collabs": []
  },
  {
    "id": "4f2xyCTqSMw",
    "title": "【Ark: Survival Evolved】へなちょこ悪魔の新鯖突入編!素材マップ作る!【ホロライブ/癒月ちょこ】",
    "type": "stream",
    "topic_id": "ark",
    "published_at": "2020-06-14T08:52:51.000Z",
    "available_at": "2020-06-14T03:00:58.000Z",
    "duration": 15875,
    "status": "past",
    "start_scheduled": "2020-06-14T03:00:00.000Z",
    "start_actual": "2020-06-14T03:00:58.000Z",
    "end_actual": "2020-06-14T07:25:31.000Z",
    "live_viewers": 0,
    "channel": {
      "id": "UCp3tgHXw_HI0QMk1K8qh3gQ",
      "name": "Choco subCh. 癒月ちょこ",
      "org": "Hololive",
      "suborg": "d_2nd Generation",
      "type": "vtuber",
      "photo": "https://yt3.ggpht.com/ytc/AIdro_lBcS1Cn31jIe6PFAKIhCGClH6qfCLSHut5VXPvqh1qVQ=s800-c-k-c0x00ffffff-no-rj",
      "english_name": "Choco Sub Channel"
    },
    "collabs": []
  },
  {
    "id": "-lCktx4pKr0",
    "title": "【Ark: Survival Evolved】へなちょこ悪魔の新鯖突入編!深夜ゲリラ【ホロライブ/癒月ちょこ】",
    "type": "stream",
    "topic_id": "ark",
    "published_at": "2020-06-13T22:55:44.000Z",
    "available_at": "2020-06-13T17:57:18.000Z",
    "duration": 15795,
    "status": "past",
    "start_scheduled": "2020-06-13T18:00:00.000Z",
    "start_actual": "2020-06-13T17:57:18.000Z",
    "end_actual": "2020-06-13T22:20:29.000Z",
    "live_viewers": 0,
    "channel": {
      "id": "UCp3tgHXw_HI0QMk1K8qh3gQ",
      "name": "Choco subCh. 癒月ちょこ",
      "org": "Hololive",
      "suborg": "d_2nd Generation",
      "type": "vtuber",
      "photo": "https://yt3.ggpht.com/ytc/AIdro_lBcS1Cn31jIe6PFAKIhCGClH6qfCLSHut5VXPvqh1qVQ=s800-c-k-c0x00ffffff-no-rj",
      "english_name": "Choco Sub Channel"
    },
    "collabs": []
  },
  {
    "id": "6dNcMTWdreU",
    "title": "【Ark: Survival Evolved】へなちょこ悪魔の新鯖突入編!【ホロライブ/癒月ちょこ】",
    "type": "stream",
    "topic_id": "ark",
    "published_at": "2020-06-13T08:17:27.000Z",
    "available_at": "2020-06-13T04:05:20.000Z",
    "duration": 12179,
    "status": "past",
    "start_scheduled": "2020-06-13T04:00:00.000Z",
    "start_actual": "2020-06-13T04:05:20.000Z",
    "end_actual": "2020-06-13T07:28:20.000Z",
    "live_viewers": 0,
    "channel": {
      "id": "UCp3tgHXw_HI0QMk1K8qh3gQ",
      "name": "Choco subCh. 癒月ちょこ",
      "org": "Hololive",
      "suborg": "d_2nd Generation",
      "type": "vtuber",
      "photo": "https://yt3.ggpht.com/ytc/AIdro_lBcS1Cn31jIe6PFAKIhCGClH6qfCLSHut5VXPvqh1qVQ=s800-c-k-c0x00ffffff-no-rj",
      "english_name": "Choco Sub Channel"
    },
    "collabs": []
  },
  {
    "id": "hakmaq1thhM",
    "title": "【Ark: Survival Evolved】へなちょこ悪魔の深夜ゲリラ!いざ深夜げりらへ【ホロライブ/癒月ちょこ】",
    "type": "stream",
    "topic_id": "ark",
    "published_at": "2020-06-13T01:52:39.000Z",
    "available_at": "2020-06-12T19:03:16.000Z",
    "duration": 21873,
    "status": "past",
    "start_scheduled": "2020-06-12T19:00:00.000Z",
    "start_actual": "2020-06-12T19:03:16.000Z",
    "end_actual": "2020-06-13T01:07:56.000Z",
    "live_viewers": 0,
    "channel": {
      "id": "UCp3tgHXw_HI0QMk1K8qh3gQ",
      "name": "Choco subCh. 癒月ちょこ",
      "org": "Hololive",
      "suborg": "d_2nd Generation",
      "type": "vtuber",
      "photo": "https://yt3.ggpht.com/ytc/AIdro_lBcS1Cn31jIe6PFAKIhCGClH6qfCLSHut5VXPvqh1qVQ=s800-c-k-c0x00ffffff-no-rj",
      "english_name": "Choco Sub Channel"
    },
    "collabs": []
  },
  {
    "id": "Jag0eQVZmOk",
    "title": "【エーペックスレジェンズ】へなちょこ悪魔のAPEX練習【ホロライブ/癒月ちょこ】",
    "type": "stream",
    "topic_id": "apex",
    "published_at": "2020-06-09T11:17:29.000Z",
    "available_at": "2020-06-09T08:01:25.000Z",
    "duration": 10627,
    "status": "past",
    "start_scheduled": "2020-06-09T08:00:00.000Z",
    "start_actual": "2020-06-09T08:01:25.000Z",
    "end_actual": "2020-06-09T10:58:32.000Z",
    "live_viewers": 0,
    "channel": {
      "id": "UCp3tgHXw_HI0QMk1K8qh3gQ",
      "name": "Choco subCh. 癒月ちょこ",
      "org": "Hololive",
      "suborg": "d_2nd Generation",
      "type": "vtuber",
      "photo": "https://yt3.ggpht.com/ytc/AIdro_lBcS1Cn31jIe6PFAKIhCGClH6qfCLSHut5VXPvqh1qVQ=s800-c-k-c0x00ffffff-no-rj",
      "english_name": "Choco Sub Channel"
    },
    "collabs": []
  },
  {
    "id": "sePhMXpxa5o",
    "title": "【作業用BGM】へなちょこ悪魔のARK生活深夜ゲリラ編【ホロライブ/癒月ちょこ】",
    "type": "stream",
    "topic_id": "ark",
    "published_at": "2020-06-07T05:29:19.000Z",
    "available_at": "2020-06-06T16:33:34.000Z",
    "duration": 42901,
    "status": "past",
    "start_scheduled": "2020-06-06T16:30:00.000Z",
    "start_actual": "2020-06-06T16:33:34.000Z",
    "end_actual": "2020-06-07T04:32:10.000Z",
    "live_viewers": 0,
    "channel": {
      "id": "UCp3tgHXw_HI0QMk1K8qh3gQ",
      "name": "Choco subCh. 癒月ちょこ",
      "org": "Hololive",
      "suborg": "d_2nd Generation",
      "type": "vtuber",
      "photo": "https://yt3.ggpht.com/ytc/AIdro_lBcS1Cn31jIe6PFAKIhCGClH6qfCLSHut5VXPvqh1qVQ=s800-c-k-c0x00ffffff-no-rj",
      "english_name": "Choco Sub Channel"
    },
    "collabs": []
  },
  {
    "id": "2DkDkjlC2a0",
    "title": "【DeadbyDaylight】へなちょこ悪魔の救出大作戦!悪魔の保健医の本領発揮できるのか?【ホロライブ/癒月ちょこ】",
    "type": "stream",
    "topic_id": "dbd",
    "published_at": "2020-06-06T08:59:08.000Z",
    "available_at": "2020-06-06T06:03:44.000Z",
    "duration": 9573,
    "status": "past",
    "start_scheduled": "2020-06-06T06:00:00.000Z",
    "start_actual": "2020-06-06T06:03:44.000Z",
    "end_actual": "2020-06-06T08:43:13.000Z",
    "live_viewers": 0,
    "channel": {
      "id": "UCp3tgHXw_HI0QMk1K8qh3gQ",
      "name": "Choco subCh. 癒月ちょこ",
      "org": "Hololive",
      "suborg": "d_2nd Generation",
      "type": "vtuber",
      "photo": "https://yt3.ggpht.com/ytc/AIdro_lBcS1Cn31jIe6PFAKIhCGClH6qfCLSHut5VXPvqh1qVQ=s800-c-k-c0x00ffffff-no-rj",
      "english_name": "Choco Sub Channel"
    },
    "collabs": []
  },
  {
    "id": "Kxhceh3wfQ4",
    "title": "【作業用BGM】へなちょこ悪魔の沼ARK生活48日目!深夜ゲリラ枠2!【ホロライブ/癒月ちょこ】",
    "type": "stream",
    "topic_id": "ark",
    "published_at": "2020-06-05T10:03:36.000Z",
    "available_at": "2020-06-04T20:26:55.000Z",
    "duration": 41051,
    "status": "past",
    "start_scheduled": "2020-06-04T20:30:00.000Z",
    "start_actual": "2020-06-04T20:26:55.000Z",
    "end_actual": "2020-06-05T07:51:02.000Z",
    "live_viewers": 0,
    "channel": {
      "id": "UCp3tgHXw_HI0QMk1K8qh3gQ",
      "name": "Choco subCh. 癒月ちょこ",
      "org": "Hololive",
      "suborg": "d_2nd Generation",
      "type": "vtuber",
      "photo": "https://yt3.ggpht.com/ytc/AIdro_lBcS1Cn31jIe6PFAKIhCGClH6qfCLSHut5VXPvqh1qVQ=s800-c-k-c0x00ffffff-no-rj",
      "english_name": "Choco Sub Channel"
    },
    "collabs": []
  },
  {
    "id": "y3cfxB4w3GU",
    "title": "【作業用BGM】へなちょこ悪魔の沼ARK生活48日目!深夜ゲリラ枠!【ホロライブ/癒月ちょこ】",
    "type": "stream",
    "topic_id": "ark",
    "published_at": "2020-06-04T18:18:01.000Z",
    "available_at": "2020-06-04T16:10:48.000Z",
    "duration": 6651,
    "status": "past",
    "start_scheduled": "2020-06-04T16:00:00.000Z",
    "start_actual": "2020-06-04T16:10:48.000Z",
    "end_actual": "2020-06-04T18:01:37.000Z",
    "live_viewers": 0,
    "channel": {
      "id": "UCp3tgHXw_HI0QMk1K8qh3gQ",
      "name": "Choco subCh. 癒月ちょこ",
      "org": "Hololive",
      "suborg": "d_2nd Generation",
      "type": "vtuber",
      "photo": "https://yt3.ggpht.com/ytc/AIdro_lBcS1Cn31jIe6PFAKIhCGClH6qfCLSHut5VXPvqh1qVQ=s800-c-k-c0x00ffffff-no-rj",
      "english_name": "Choco Sub Channel"
    },
    "collabs": []
  },
  {
    "id": "HW_DRGLoQdI",
    "title": "【作業用BGM】へなちょこ悪魔の沼ARK生活47日目!バジリスク漁る!【ホロライブ/癒月ちょこ】",
    "type": "stream",
    "topic_id": "ark",
    "published_at": "2020-06-02T08:17:02.000Z",
    "available_at": "2020-06-02T06:30:26.000Z",
    "duration": 5625,
    "status": "past",
    "start_scheduled": "2020-06-02T06:30:00.000Z",
    "start_actual": "2020-06-02T06:30:26.000Z",
    "end_actual": "2020-06-02T08:04:11.000Z",
    "live_viewers": 0,
    "channel": {
      "id": "UCp3tgHXw_HI0QMk1K8qh3gQ",
      "name": "Choco subCh. 癒月ちょこ",
      "org": "Hololive",
      "suborg": "d_2nd Generation",
      "type": "vtuber",
      "photo": "https://yt3.ggpht.com/ytc/AIdro_lBcS1Cn31jIe6PFAKIhCGClH6qfCLSHut5VXPvqh1qVQ=s800-c-k-c0x00ffffff-no-rj",
      "english_name": "Choco Sub Channel"
    },
    "collabs": []
  },
  {
    "id": "VLml4Tv5YB4",
    "title": "【作業用BGM】へなちょこ悪魔の沼ARK生活46日目!恐竜漁り厳選!【ホロライブ/癒月ちょこ】",
    "type": "stream",
    "topic_id": "ark",
    "published_at": "2020-05-31T09:00:33.000Z",
    "available_at": "2020-05-31T05:59:49.000Z",
    "duration": 9645,
    "status": "past",
    "start_scheduled": "2020-05-31T06:00:00.000Z",
    "start_actual": "2020-05-31T05:59:49.000Z",
    "end_actual": "2020-05-31T08:40:31.000Z",
    "live_viewers": 0,
    "channel": {
      "id": "UCp3tgHXw_HI0QMk1K8qh3gQ",
      "name": "Choco subCh. 癒月ちょこ",
      "org": "Hololive",
      "suborg": "d_2nd Generation",
      "type": "vtuber",
      "photo": "https://yt3.ggpht.com/ytc/AIdro_lBcS1Cn31jIe6PFAKIhCGClH6qfCLSHut5VXPvqh1qVQ=s800-c-k-c0x00ffffff-no-rj",
      "english_name": "Choco Sub Channel"
    },
    "collabs": []
  }
]