[
  {
    "id": "hocmjunk-To",
    "title": "ハイパーパリピラプソディ",
    "type": "stream",
    "topic_id": "Original_Song",
    "published_at": "2023-03-31T15:02:13.000Z",
    "available_at": "2023-03-31T15:02:13.000Z",
    "duration": 207,
    "status": "past",
    "songcount": 1,
    "original_channel_id": "UCb4t81WbQcvkzU860VTldOg",
    "channel": {
      "id": "UCkT1u65YS49ca_LsFwcTakw",
      "name": "Gamma Ch. 緋崎ガンマ - UPROAR!! -",
      "org": "Hololive",
      "suborg": "naHOLOSTARS UPROAR!!",
      "type": "vtuber",
      "photo": "https://yt3.ggpht.com/OppGI1TC0fD59_jquw30zSbyCErgKPdoxcnoxQBACyfsbUM9POxWzNC3Bg3fwZyuSYJXh4DQNw=s800-c-k-c0x00ffffff-no-rj",
      "english_name": "Hizaki Gamma"
    },
    "collabs": []
  }
]