[
  {
    "id": "2QdRYBm7zTc",
    "title": "電子ドラッグと噂のはあちゃまラップ#shorts #HAACHAMA",
    "type": "stream",
    "topic_id": "shorts",
    "published_at": "2021-12-05T17:12:15.000Z",
    "available_at": "2021-12-05T17:12:15.000Z",
    "duration": 48,
    "status": "past",
    "channel": {
      "id": "UCHj_mh57PVMXhAUDphUQDFA",
      "name": "HAACHAMA DARKWEB CH",
      "org": "Hololive",
      "suborg": "c_1st Generation",
      "type": "vtuber",
      "photo": "https://yt3.ggpht.com/yhLBncUbyKAtetbo_TgV62B_Nf8-YoJWJCc1O5N7cP5PLdFmFmcZYAMhuvBhvyRCQp0kGzsGvg=s800-c-k-c0x00ffffff-no-rj",
      "english_name": "Akai Haato (Sub)"
    },
    "collabs": []
  },
  {
    "id": "QJIqnYnQux4",
    "title": "一度聴いたら止まらないはあちゃまラップ#shorts #HAACHAMA",
    "type": "stream",
    "topic_id": "shorts",
    "published_at": "2021-12-05T17:04:08.000Z",
    "available_at": "2021-12-05T17:04:08.000Z",
    "duration": 43,
    "status": "past",
    "channel": {
      "id": "UCHj_mh57PVMXhAUDphUQDFA",
      "name": "HAACHAMA DARKWEB CH",
      "org": "Hololive",
      "suborg": "c_1st Generation",
      "type": "vtuber",
      "photo": "https://yt3.ggpht.com/yhLBncUbyKAtetbo_TgV62B_Nf8-YoJWJCc1O5N7cP5PLdFmFmcZYAMhuvBhvyRCQp0kGzsGvg=s800-c-k-c0x00ffffff-no-rj",
      "english_name": "Akai Haato (Sub)"
    },
    "collabs": []
  },
  {
    "id": "nmWPioZSpdk",
    "title": "はあちゃまラップの内容が闇深すぎる・・・#shorts #HAACHAMA",
    "type": "stream",
    "topic_id": "shorts",
    "published_at": "2021-12-05T16:58:02.000Z",
    "available_at": "2021-12-05T16:58:02.000Z",
    "duration": 28,
    "status": "past",
    "channel": {
      "id": "UCHj_mh57PVMXhAUDphUQDFA",
      "name": "HAACHAMA DARKWEB CH",
      "org": "Hololive",
      "suborg": "c_1st Generation",
      "type": "vtuber",
      "photo": "https://yt3.ggpht.com/yhLBncUbyKAtetbo_TgV62B_Nf8-YoJWJCc1O5N7cP5PLdFmFmcZYAMhuvBhvyRCQp0kGzsGvg=s800-c-k-c0x00ffffff-no-rj",
      "english_name": "Akai Haato (Sub)"
    },
    "collabs": []
  },
  {
    "id": "1c5KciK2EHQ",
    "title": "山田と鷹嶺ルイにわからされるはあちゃま #shorts 【ラプラス・ダークネス/鷹嶺ルイ/はあちゃま/ホロライブ/切り抜き】",
    "type": "stream",
    "topic_id": "shorts",
    "published_at": "2021-11-28T20:04:26.000Z",
    "available_at": "2021-11-28T20:04:26.000Z",
    "duration": 47,
    "status": "past",
    "channel": {
      "id": "UCHj_mh57PVMXhAUDphUQDFA",
      "name": "HAACHAMA DARKWEB CH",
      "org": "Hololive",
      "suborg": "c_1st Generation",
      "type": "vtuber",
      "photo": "https://yt3.ggpht.com/yhLBncUbyKAtetbo_TgV62B_Nf8-YoJWJCc1O5N7cP5PLdFmFmcZYAMhuvBhvyRCQp0kGzsGvg=s800-c-k-c0x00ffffff-no-rj",
      "english_name": "Akai Haato (Sub)"
    },
    "collabs": []
  },
  {
    "id": "jg_SIjXnc7c",
    "title": "#HoloX の洗礼を受けたはあちゃま #shorts #HAACHAMA",
    "type": "stream",
    "topic_id": "shorts",
    "published_at": "2021-11-28T18:36:29.000Z",
    "available_at": "2021-11-28T18:36:29.000Z",
    "duration": 25,
    "status": "past",
    "channel": {
      "id": "UCHj_mh57PVMXhAUDphUQDFA",
      "name": "HAACHAMA DARKWEB CH",
      "org": "Hololive",
      "suborg": "c_1st Generation",
      "type": "vtuber",
      "photo": "https://yt3.ggpht.com/yhLBncUbyKAtetbo_TgV62B_Nf8-YoJWJCc1O5N7cP5PLdFmFmcZYAMhuvBhvyRCQp0kGzsGvg=s800-c-k-c0x00ffffff-no-rj",
      "english_name": "Akai Haato (Sub)"
    },
    "collabs": []
  },
  {
    "id": "5t_trTeq_PY",
    "title": "はあちゃまがラプラス・ダークネスに作った動画がキマる #shorts #HAACHAMA",
    "type": "stream",
    "topic_id": "shorts",
    "published_at": "2021-11-26T17:08:57.000Z",
    "available_at": "2021-11-26T17:08:57.000Z",
    "duration": 24,
    "status": "past",
    "mentions": [
      {
        "id": "UC1CfXB_kRs3C-zaeTG3oGyg",
        "org": "Hololive",
        "lang": null,
        "name": "HAACHAMA Ch 赤井はあと",
        "type": "vtuber",
        "photo": "https://yt3.ggpht.com/jxI6FmNKDpYKXB0puyLhB5gq4JgWFvRT9Rr2C_d3hFT1q0SSOHh3QIUfvSxfTHupTXFnleqI=s800-c-k-c0x00ffffff-no-rj",
        "suborg": "c 1st Generation",
        "english_name": "Akai Haato"
      }
    ],
    "channel": {
      "id": "UCHj_mh57PVMXhAUDphUQDFA",
      "name": "HAACHAMA DARKWEB CH",
      "org": "Hololive",
      "suborg": "c_1st Generation",
      "type": "vtuber",
      "photo": "https://yt3.ggpht.com/yhLBncUbyKAtetbo_TgV62B_Nf8-YoJWJCc1O5N7cP5PLdFmFmcZYAMhuvBhvyRCQp0kGzsGvg=s800-c-k-c0x00ffffff-no-rj",
      "english_name": "Akai Haato (Sub)"
    },
    "collabs": [
      {
        "id": "UC1CfXB_kRs3C-zaeTG3oGyg",
        "name": "HAACHAMA Ch 赤井はあと",
        "duration_seconds": 24
      }
    ]
  },
  {
    "id": "fD62svM7y6I",
    "title": "HAACHAMA massage for Laplus Darkness of HoloX #shorts #HAACHAMA",
    "type": "stream",
    "topic_id": "shorts",
    "published_at": "2021-11-26T17:04:18.000Z",
    "available_at": "2021-11-26T17:04:18.000Z",
    "duration": 13,
    "status": "past",
    "mentions": [
      {
        "id": "UC1CfXB_kRs3C-zaeTG3oGyg",
        "org": "Hololive",
        "lang": null,
        "name": "HAACHAMA Ch 赤井はあと",
        "type": "vtuber",
        "photo": "https://yt3.ggpht.com/jxI6FmNKDpYKXB0puyLhB5gq4JgWFvRT9Rr2C_d3hFT1q0SSOHh3QIUfvSxfTHupTXFnleqI=s800-c-k-c0x00ffffff-no-rj",
        "suborg": "c 1st Generation",
        "english_name": "Akai Haato"
      }
    ],
    "channel": {
      "id": "UCHj_mh57PVMXhAUDphUQDFA",
      "name": "HAACHAMA DARKWEB CH",
      "org": "Hololive",
      "suborg": "c_1st Generation",
      "type": "vtuber",
      "photo": "https://yt3.ggpht.com/yhLBncUbyKAtetbo_TgV62B_Nf8-YoJWJCc1O5N7cP5PLdFmFmcZYAMhuvBhvyRCQp0kGzsGvg=s800-c-k-c0x00ffffff-no-rj",
      "english_name": "Akai Haato (Sub)"
    },
    "collabs": [
      {
        "id": "UC1CfXB_kRs3C-zaeTG3oGyg",
        "name": "HAACHAMA Ch 赤井はあと",
        "duration_seconds": 13
      }
    ]
  },
  {
    "id": "4VLiLt3g2QA",
    "title": "HAACHAMA RAP IS GOD #shorts #HAACHAMA",
    "type": "stream",
    "topic_id": "shorts",
    "published_at": "2021-11-24T14:48:08.000Z",
    "available_at": "2021-11-24T14:48:08.000Z",
    "duration": 29,
    "status": "past",
    "channel": {
      "id": "UCHj_mh57PVMXhAUDphUQDFA",
      "name": "HAACHAMA DARKWEB CH",
      "org": "Hololive",
      "suborg": "c_1st Generation",
      "type": "vtuber",
      "photo": "https://yt3.ggpht.com/yhLBncUbyKAtetbo_TgV62B_Nf8-YoJWJCc1O5N7cP5PLdFmFmcZYAMhuvBhvyRCQp0kGzsGvg=s800-c-k-c0x00ffffff-no-rj",
      "english_name": "Akai Haato (Sub)"
    },
    "collabs": []
  },
  {
    "id": "JWSu1AWyLww",
    "title": "朝に聞くと程よくキマるはあちゃま #shorts #HAACHAMA",
    "type": "stream",
    "topic_id": "shorts",
    "published_at": "2021-11-24T14:40:02.000Z",
    "available_at": "2021-11-24T14:40:02.000Z",
    "duration": 13,
    "status": "past",
    "channel": {
      "id": "UCHj_mh57PVMXhAUDphUQDFA",
      "name": "HAACHAMA DARKWEB CH",
      "org": "Hololive",
      "suborg": "c_1st Generation",
      "type": "vtuber",
      "photo": "https://yt3.ggpht.com/yhLBncUbyKAtetbo_TgV62B_Nf8-YoJWJCc1O5N7cP5PLdFmFmcZYAMhuvBhvyRCQp0kGzsGvg=s800-c-k-c0x00ffffff-no-rj",
      "english_name": "Akai Haato (Sub)"
    },
    "collabs": []
  },
  {
    "id": "E8dAazayNYw",
    "title": "トマトうどんつくった! #shorts #HAACHAMA",
    "type": "stream",
    "topic_id": "shorts",
    "published_at": "2021-11-24T13:55:51.000Z",
    "available_at": "2021-11-24T13:55:51.000Z",
    "duration": 48,
    "status": "past",
    "channel": {
      "id": "UCHj_mh57PVMXhAUDphUQDFA",
      "name": "HAACHAMA DARKWEB CH",
      "org": "Hololive",
      "suborg": "c_1st Generation",
      "type": "vtuber",
      "photo": "https://yt3.ggpht.com/yhLBncUbyKAtetbo_TgV62B_Nf8-YoJWJCc1O5N7cP5PLdFmFmcZYAMhuvBhvyRCQp0kGzsGvg=s800-c-k-c0x00ffffff-no-rj",
      "english_name": "Akai Haato (Sub)"
    },
    "collabs": []
  },
  {
    "id": "hhMTQlYGE74",
    "title": "ぶるぶるするはあちゃまがエッッッ・・・#shorts #はあちゃま",
    "type": "stream",
    "topic_id": "shorts",
    "published_at": "2021-11-24T13:29:30.000Z",
    "available_at": "2021-11-24T13:29:30.000Z",
    "duration": 8,
    "status": "past",
    "channel": {
      "id": "UCHj_mh57PVMXhAUDphUQDFA",
      "name": "HAACHAMA DARKWEB CH",
      "org": "Hololive",
      "suborg": "c_1st Generation",
      "type": "vtuber",
      "photo": "https://yt3.ggpht.com/yhLBncUbyKAtetbo_TgV62B_Nf8-YoJWJCc1O5N7cP5PLdFmFmcZYAMhuvBhvyRCQp0kGzsGvg=s800-c-k-c0x00ffffff-no-rj",
      "english_name": "Akai Haato (Sub)"
    },
    "collabs": []
  },
  {
    "id": "Vv1K-Jom8ao",
    "title": "ウ\"ィ\"エ\" チ\"ャ\"マ\" 二倍速にしたらやばすぎた・・・#shorts #HAACHAMA",
    "type": "stream",
    "topic_id": "shorts",
    "published_at": "2021-11-24T12:12:36.000Z",
    "available_at": "2021-11-24T12:12:36.000Z",
    "duration": 57,
    "status": "past",
    "channel": {
      "id": "UCHj_mh57PVMXhAUDphUQDFA",
      "name": "HAACHAMA DARKWEB CH",
      "org": "Hololive",
      "suborg": "c_1st Generation",
      "type": "vtuber",
      "photo": "https://yt3.ggpht.com/yhLBncUbyKAtetbo_TgV62B_Nf8-YoJWJCc1O5N7cP5PLdFmFmcZYAMhuvBhvyRCQp0kGzsGvg=s800-c-k-c0x00ffffff-no-rj",
      "english_name": "Akai Haato (Sub)"
    },
    "collabs": []
  },
  {
    "id": "dT0h9pn4aos",
    "title": "闇落ちしてしまったはあちゃまの末路・・・  #shorts #HAACHAMA",
    "type": "stream",
    "topic_id": "shorts",
    "published_at": "2021-11-24T11:56:38.000Z",
    "available_at": "2021-11-24T11:56:38.000Z",
    "duration": 12,
    "status": "past",
    "channel": {
      "id": "UCHj_mh57PVMXhAUDphUQDFA",
      "name": "HAACHAMA DARKWEB CH",
      "org": "Hololive",
      "suborg": "c_1st Generation",
      "type": "vtuber",
      "photo": "https://yt3.ggpht.com/yhLBncUbyKAtetbo_TgV62B_Nf8-YoJWJCc1O5N7cP5PLdFmFmcZYAMhuvBhvyRCQp0kGzsGvg=s800-c-k-c0x00ffffff-no-rj",
      "english_name": "Akai Haato (Sub)"
    },
    "collabs": []
  },
  {
    "id": "0L0rst7EajQ",
    "title": "お手軽にキメれるはあちゃま #shorts #はあちゃま",
    "type": "stream",
    "topic_id": "shorts",
    "published_at": "2021-11-24T11:30:40.000Z",
    "available_at": "2021-11-24T11:30:40.000Z",
    "duration": 16,
    "status": "past",
    "channel": {
      "id": "UCHj_mh57PVMXhAUDphUQDFA",
      "name": "HAACHAMA DARKWEB CH",
      "org": "Hololive",
      "suborg": "c_1st Generation",
      "type": "vtuber",
      "photo": "https://yt3.ggpht.com/yhLBncUbyKAtetbo_TgV62B_Nf8-YoJWJCc1O5N7cP5PLdFmFmcZYAMhuvBhvyRCQp0kGzsGvg=s800-c-k-c0x00ffffff-no-rj",
      "english_name": "Akai Haato (Sub)"
    },
    "collabs": []
  }
]