[
  {
    "id": "tQLvA5N237k",
    "title": "ファンサ",
    "type": "stream",
    "topic_id": "Original_Song",
    "published_at": "2024-02-26T15:02:34.000Z",
    "available_at": "2024-02-26T15:02:34.000Z",
    "duration": 250,
    "status": "past",
    "songcount": 1,
    "original_channel_id": "UCbg76STDxV0QwlvKfrMLFbg",
    "channel": {
      "id": "UCD8HOxPs4Xvsm8H0ZxXGiBw",
      "name": "Mel Channel 夜空メルチャンネル",
      "org": "Hololive",
      "suborg": "c 1st Generation",
      "type": "vtuber",
      "photo": "https://yt3.ggpht.com/8U3jlgaSNSJBkqyEI0j4XaT9cRLspqvjuyCkxw6xkfnWRqobKEJA-yJtx9UOZPFWN3jQimcYKc8=s800-c-k-c0x00ffffff-no-rj",
      "english_name": "Yozora Mel"
    },
    "collabs": []
  },
  {
    "id": "16Y_-y_e4NQ",
    "title": "ReSound (Instrumental)",
    "type": "stream",
    "topic_id": "Original_Song",
    "published_at": "2023-10-31T15:04:25.000Z",
    "available_at": "2023-10-31T15:04:25.000Z",
    "duration": 246,
    "status": "past",
    "songcount": 1,
    "original_channel_id": "UCbg76STDxV0QwlvKfrMLFbg",
    "channel": {
      "id": "UCD8HOxPs4Xvsm8H0ZxXGiBw",
      "name": "Mel Channel 夜空メルチャンネル",
      "org": "Hololive",
      "suborg": "c 1st Generation",
      "type": "vtuber",
      "photo": "https://yt3.ggpht.com/8U3jlgaSNSJBkqyEI0j4XaT9cRLspqvjuyCkxw6xkfnWRqobKEJA-yJtx9UOZPFWN3jQimcYKc8=s800-c-k-c0x00ffffff-no-rj",
      "english_name": "Yozora Mel"
    },
    "collabs": []
  },
  {
    "id": "TzODxKiBY3g",
    "title": "ReSound",
    "type": "stream",
    "topic_id": "Original_Song",
    "published_at": "2023-10-31T15:03:01.000Z",
    "available_at": "2023-10-31T15:03:01.000Z",
    "duration": 246,
    "status": "past",
    "songcount": 1,
    "original_channel_id": "UCbg76STDxV0QwlvKfrMLFbg",
    "channel": {
      "id": "UCD8HOxPs4Xvsm8H0ZxXGiBw",
      "name": "Mel Channel 夜空メルチャンネル",
      "org": "Hololive",
      "suborg": "c 1st Generation",
      "type": "vtuber",
      "photo": "https://yt3.ggpht.com/8U3jlgaSNSJBkqyEI0j4XaT9cRLspqvjuyCkxw6xkfnWRqobKEJA-yJtx9UOZPFWN3jQimcYKc8=s800-c-k-c0x00ffffff-no-rj",
      "english_name": "Yozora Mel"
    },
    "collabs": []
  },
  {
    "id": "KoQg3ql1CX4",
    "title": "アフタートーク『カタシロ』PL:夜空メル",
    "type": "stream",
    "topic_id": "membersonly",
    "published_at": "2023-08-21T09:11:16.000Z",
    "available_at": "2023-08-21T13:47:30.000Z",
    "duration": 3169,
    "status": "past",
    "original_channel_id": "UCqJ6QFcqZziMnMLr3L3OWAw",
    "start_scheduled": "2023-08-21T14:00:00.000Z",
    "start_actual": "2023-08-21T13:47:30.000Z",
    "end_actual": "2023-08-21T14:40:19.000Z",
    "live_viewers": 0,
    "mentions": [
      {
        "id": "UCLMC54YctropOupFX8jyz9A",
        "org": "Independents",
        "lang": null,
        "name": "エルぽきちゃんねる!",
        "type": "vtuber",
        "photo": "https://yt3.ggpht.com/pFmfVQ_g8_9nsGc5GLhiUo--2WBwVkiFNoZgqs2zPtwojoLoo7a3-UCWF_dd0FXYtXLLEflQxQ=s800-c-k-c0x00ffffff-no-rj",
        "suborg": "prProjectBLUE",
        "english_name": "Else w/ Poki the Shark"
      }
    ],
    "channel": {
      "id": "UCD8HOxPs4Xvsm8H0ZxXGiBw",
      "name": "Mel Channel 夜空メルチャンネル",
      "org": "Hololive",
      "suborg": "c 1st Generation",
      "type": "vtuber",
      "photo": "https://yt3.ggpht.com/8U3jlgaSNSJBkqyEI0j4XaT9cRLspqvjuyCkxw6xkfnWRqobKEJA-yJtx9UOZPFWN3jQimcYKc8=s800-c-k-c0x00ffffff-no-rj",
      "english_name": "Yozora Mel"
    },
    "collabs": [
      {
        "id": "UCLMC54YctropOupFX8jyz9A",
        "name": "エルぽきちゃんねる!",
        "duration_seconds": 3169
      }
    ]
  },
  {
    "id": "Noy-nw-etrE",
    "title": "TRPG『カタシロ』PL：夜空メル",
    "type": "stream",
    "topic_id": "TRPG",
    "published_at": "2023-08-21T13:51:42.000Z",
    "available_at": "2023-08-21T12:01:05.000Z",
    "duration": 6046,
    "status": "past",
    "original_channel_id": "UCqJ6QFcqZziMnMLr3L3OWAw",
    "start_scheduled": "2023-08-21T12:00:00.000Z",
    "start_actual": "2023-08-21T12:01:05.000Z",
    "end_actual": "2023-08-21T13:41:51.000Z",
    "live_viewers": 0,
    "mentions": [
      {
        "id": "UCLMC54YctropOupFX8jyz9A",
        "org": "Independents",
        "lang": null,
        "name": "エルぽきちゃんねる!",
        "type": "vtuber",
        "photo": "https://yt3.ggpht.com/pFmfVQ_g8_9nsGc5GLhiUo--2WBwVkiFNoZgqs2zPtwojoLoo7a3-UCWF_dd0FXYtXLLEflQxQ=s800-c-k-c0x00ffffff-no-rj",
        "suborg": "prProjectBLUE",
        "english_name": "Else w/ Poki the Shark"
      }
    ],
    "channel": {
      "id": "UCD8HOxPs4Xvsm8H0ZxXGiBw",
      "name": "Mel Channel 夜空メルチャンネル",
      "org": "Hololive",
      "suborg": "c 1st Generation",
      "type": "vtuber",
      "photo": "https://yt3.ggpht.com/8U3jlgaSNSJBkqyEI0j4XaT9cRLspqvjuyCkxw6xkfnWRqobKEJA-yJtx9UOZPFWN3jQimcYKc8=s800-c-k-c0x00ffffff-no-rj",
      "english_name": "Yozora Mel"
    },
    "collabs": [
      {
        "id": "UCLMC54YctropOupFX8jyz9A",
        "name": "エルぽきちゃんねる!",
        "duration_seconds": 6046
      }
    ]
  },
  {
    "id": "N435_Q2tz6E",
    "title": "The Vampire",
    "type": "stream",
    "topic_id": "Original_Song",
    "published_at": "2023-03-14T10:04:13.000Z",
    "available_at": "2023-03-14T10:04:13.000Z",
    "duration": 180,
    "status": "past",
    "songcount": 1,
    "original_channel_id": "UCbg76STDxV0QwlvKfrMLFbg",
    "channel": {
      "id": "UCD8HOxPs4Xvsm8H0ZxXGiBw",
      "name": "Mel Channel 夜空メルチャンネル",
      "org": "Hololive",
      "suborg": "c 1st Generation",
      "type": "vtuber",
      "photo": "https://yt3.ggpht.com/8U3jlgaSNSJBkqyEI0j4XaT9cRLspqvjuyCkxw6xkfnWRqobKEJA-yJtx9UOZPFWN3jQimcYKc8=s800-c-k-c0x00ffffff-no-rj",
      "english_name": "Yozora Mel"
    },
    "collabs": []
  },
  {
    "id": "6pnVjpudJzE",
    "title": "流れ星☆キラキラ (Twinkle Star Magic☆ ver.)",
    "type": "stream",
    "topic_id": "Original_Song",
    "published_at": "2022-10-31T10:08:46.000Z",
    "available_at": "2022-10-31T10:08:46.000Z",
    "duration": 243,
    "status": "past",
    "songcount": 1,
    "original_channel_id": "UCbg76STDxV0QwlvKfrMLFbg",
    "channel": {
      "id": "UCD8HOxPs4Xvsm8H0ZxXGiBw",
      "name": "Mel Channel 夜空メルチャンネル",
      "org": "Hololive",
      "suborg": "c 1st Generation",
      "type": "vtuber",
      "photo": "https://yt3.ggpht.com/8U3jlgaSNSJBkqyEI0j4XaT9cRLspqvjuyCkxw6xkfnWRqobKEJA-yJtx9UOZPFWN3jQimcYKc8=s800-c-k-c0x00ffffff-no-rj",
      "english_name": "Yozora Mel"
    },
    "collabs": []
  },
  {
    "id": "OXDbne5fKZ0",
    "title": "キャラメル・デビル (Twinkle Star Magic☆ ver.)",
    "type": "stream",
    "topic_id": "Original_Song",
    "published_at": "2022-10-31T10:07:49.000Z",
    "available_at": "2022-10-31T10:07:49.000Z",
    "duration": 221,
    "status": "past",
    "songcount": 1,
    "original_channel_id": "UCbg76STDxV0QwlvKfrMLFbg",
    "channel": {
      "id": "UCD8HOxPs4Xvsm8H0ZxXGiBw",
      "name": "Mel Channel 夜空メルチャンネル",
      "org": "Hololive",
      "suborg": "c 1st Generation",
      "type": "vtuber",
      "photo": "https://yt3.ggpht.com/8U3jlgaSNSJBkqyEI0j4XaT9cRLspqvjuyCkxw6xkfnWRqobKEJA-yJtx9UOZPFWN3jQimcYKc8=s800-c-k-c0x00ffffff-no-rj",
      "english_name": "Yozora Mel"
    },
    "collabs": []
  },
  {
    "id": "PAgq7SlnCPM",
    "title": "かぷっとNight☆Sky-Trick or Swing Mix-",
    "type": "stream",
    "topic_id": "Original_Song",
    "published_at": "2022-10-31T10:06:11.000Z",
    "available_at": "2022-10-31T10:06:11.000Z",
    "duration": 236,
    "status": "past",
    "songcount": 1,
    "original_channel_id": "UCbg76STDxV0QwlvKfrMLFbg",
    "channel": {
      "id": "UCD8HOxPs4Xvsm8H0ZxXGiBw",
      "name": "Mel Channel 夜空メルチャンネル",
      "org": "Hololive",
      "suborg": "c 1st Generation",
      "type": "vtuber",
      "photo": "https://yt3.ggpht.com/8U3jlgaSNSJBkqyEI0j4XaT9cRLspqvjuyCkxw6xkfnWRqobKEJA-yJtx9UOZPFWN3jQimcYKc8=s800-c-k-c0x00ffffff-no-rj",
      "english_name": "Yozora Mel"
    },
    "collabs": []
  },
  {
    "id": "gjl8LGvq2KE",
    "title": "赤くならないで (Twinkle Star Magic☆ ver.)",
    "type": "stream",
    "topic_id": "Original_Song",
    "published_at": "2022-10-31T10:04:31.000Z",
    "available_at": "2022-10-31T10:04:31.000Z",
    "duration": 209,
    "status": "past",
    "songcount": 1,
    "original_channel_id": "UCbg76STDxV0QwlvKfrMLFbg",
    "channel": {
      "id": "UCD8HOxPs4Xvsm8H0ZxXGiBw",
      "name": "Mel Channel 夜空メルチャンネル",
      "org": "Hololive",
      "suborg": "c 1st Generation",
      "type": "vtuber",
      "photo": "https://yt3.ggpht.com/8U3jlgaSNSJBkqyEI0j4XaT9cRLspqvjuyCkxw6xkfnWRqobKEJA-yJtx9UOZPFWN3jQimcYKc8=s800-c-k-c0x00ffffff-no-rj",
      "english_name": "Yozora Mel"
    },
    "collabs": []
  },
  {
    "id": "fLLiOqFxdLM",
    "title": "かぷっとNight☆Sky (Twinkle Star Magic☆ ver.)",
    "type": "stream",
    "topic_id": "Original_Song",
    "published_at": "2022-10-31T10:04:06.000Z",
    "available_at": "2022-10-31T10:04:06.000Z",
    "duration": 246,
    "status": "past",
    "songcount": 1,
    "original_channel_id": "UCbg76STDxV0QwlvKfrMLFbg",
    "channel": {
      "id": "UCD8HOxPs4Xvsm8H0ZxXGiBw",
      "name": "Mel Channel 夜空メルチャンネル",
      "org": "Hololive",
      "suborg": "c 1st Generation",
      "type": "vtuber",
      "photo": "https://yt3.ggpht.com/8U3jlgaSNSJBkqyEI0j4XaT9cRLspqvjuyCkxw6xkfnWRqobKEJA-yJtx9UOZPFWN3jQimcYKc8=s800-c-k-c0x00ffffff-no-rj",
      "english_name": "Yozora Mel"
    },
    "collabs": []
  },
  {
    "id": "N1vi84ZmEiE",
    "title": "かぷかぷ♡フィーバーナイト",
    "type": "stream",
    "topic_id": "Original_Song",
    "published_at": "2022-10-31T10:03:25.000Z",
    "available_at": "2022-10-31T10:03:25.000Z",
    "duration": 188,
    "status": "past",
    "songcount": 1,
    "original_channel_id": "UCbg76STDxV0QwlvKfrMLFbg",
    "channel": {
      "id": "UCD8HOxPs4Xvsm8H0ZxXGiBw",
      "name": "Mel Channel 夜空メルチャンネル",
      "org": "Hololive",
      "suborg": "c 1st Generation",
      "type": "vtuber",
      "photo": "https://yt3.ggpht.com/8U3jlgaSNSJBkqyEI0j4XaT9cRLspqvjuyCkxw6xkfnWRqobKEJA-yJtx9UOZPFWN3jQimcYKc8=s800-c-k-c0x00ffffff-no-rj",
      "english_name": "Yozora Mel"
    },
    "collabs": []
  },
  {
    "id": "ctkgF3fUl7M",
    "title": "夜空のとなりで (Twinkle Star Magic☆ ver.)",
    "type": "stream",
    "topic_id": "Original_Song",
    "published_at": "2022-10-31T10:02:39.000Z",
    "available_at": "2022-10-31T10:02:39.000Z",
    "duration": 226,
    "status": "past",
    "songcount": 1,
    "original_channel_id": "UCbg76STDxV0QwlvKfrMLFbg",
    "channel": {
      "id": "UCD8HOxPs4Xvsm8H0ZxXGiBw",
      "name": "Mel Channel 夜空メルチャンネル",
      "org": "Hololive",
      "suborg": "c 1st Generation",
      "type": "vtuber",
      "photo": "https://yt3.ggpht.com/8U3jlgaSNSJBkqyEI0j4XaT9cRLspqvjuyCkxw6xkfnWRqobKEJA-yJtx9UOZPFWN3jQimcYKc8=s800-c-k-c0x00ffffff-no-rj",
      "english_name": "Yozora Mel"
    },
    "collabs": []
  },
  {
    "id": "X2GgVovQeZs",
    "title": "かぷうぃん中毒 (Twinkle Star Magic☆ ver.)",
    "type": "stream",
    "topic_id": "Original_Song",
    "published_at": "2022-10-31T10:02:25.000Z",
    "available_at": "2022-10-31T10:02:25.000Z",
    "duration": 208,
    "status": "past",
    "songcount": 1,
    "original_channel_id": "UCbg76STDxV0QwlvKfrMLFbg",
    "channel": {
      "id": "UCD8HOxPs4Xvsm8H0ZxXGiBw",
      "name": "Mel Channel 夜空メルチャンネル",
      "org": "Hololive",
      "suborg": "c 1st Generation",
      "type": "vtuber",
      "photo": "https://yt3.ggpht.com/8U3jlgaSNSJBkqyEI0j4XaT9cRLspqvjuyCkxw6xkfnWRqobKEJA-yJtx9UOZPFWN3jQimcYKc8=s800-c-k-c0x00ffffff-no-rj",
      "english_name": "Yozora Mel"
    },
    "collabs": []
  },
  {
    "id": "wT3lZSUkHx4",
    "title": "L.T.M.",
    "type": "stream",
    "topic_id": "Original_Song",
    "published_at": "2022-10-31T10:02:23.000Z",
    "available_at": "2022-10-31T10:02:23.000Z",
    "duration": 206,
    "status": "past",
    "songcount": 1,
    "original_channel_id": "UCbg76STDxV0QwlvKfrMLFbg",
    "channel": {
      "id": "UCD8HOxPs4Xvsm8H0ZxXGiBw",
      "name": "Mel Channel 夜空メルチャンネル",
      "org": "Hololive",
      "suborg": "c 1st Generation",
      "type": "vtuber",
      "photo": "https://yt3.ggpht.com/8U3jlgaSNSJBkqyEI0j4XaT9cRLspqvjuyCkxw6xkfnWRqobKEJA-yJtx9UOZPFWN3jQimcYKc8=s800-c-k-c0x00ffffff-no-rj",
      "english_name": "Yozora Mel"
    },
    "collabs": []
  },
  {
    "id": "sCLHWByE-pQ",
    "title": "Show Stopper",
    "type": "stream",
    "topic_id": "Original_Song",
    "published_at": "2022-10-31T10:01:03.000Z",
    "available_at": "2022-10-31T10:01:03.000Z",
    "duration": 236,
    "status": "past",
    "songcount": 1,
    "original_channel_id": "UCbg76STDxV0QwlvKfrMLFbg",
    "channel": {
      "id": "UCD8HOxPs4Xvsm8H0ZxXGiBw",
      "name": "Mel Channel 夜空メルチャンネル",
      "org": "Hololive",
      "suborg": "c 1st Generation",
      "type": "vtuber",
      "photo": "https://yt3.ggpht.com/8U3jlgaSNSJBkqyEI0j4XaT9cRLspqvjuyCkxw6xkfnWRqobKEJA-yJtx9UOZPFWN3jQimcYKc8=s800-c-k-c0x00ffffff-no-rj",
      "english_name": "Yozora Mel"
    },
    "collabs": []
  },
  {
    "id": "F_c0MYBTI3A",
    "title": "かぷうぃん中毒",
    "type": "stream",
    "topic_id": "Original_Song",
    "published_at": "2022-09-29T10:08:11.000Z",
    "available_at": "2022-09-29T10:08:11.000Z",
    "duration": 209,
    "status": "past",
    "songcount": 1,
    "original_channel_id": "UCbg76STDxV0QwlvKfrMLFbg",
    "channel": {
      "id": "UCD8HOxPs4Xvsm8H0ZxXGiBw",
      "name": "Mel Channel 夜空メルチャンネル",
      "org": "Hololive",
      "suborg": "c 1st Generation",
      "type": "vtuber",
      "photo": "https://yt3.ggpht.com/8U3jlgaSNSJBkqyEI0j4XaT9cRLspqvjuyCkxw6xkfnWRqobKEJA-yJtx9UOZPFWN3jQimcYKc8=s800-c-k-c0x00ffffff-no-rj",
      "english_name": "Yozora Mel"
    },
    "collabs": []
  },
  {
    "id": "pjaQXy2BhVE",
    "title": "かぷうぃん中毒(Instrumental)",
    "type": "stream",
    "topic_id": "Original_Song",
    "published_at": "2022-09-29T10:02:30.000Z",
    "available_at": "2022-09-29T10:02:30.000Z",
    "duration": 209,
    "status": "past",
    "songcount": 1,
    "original_channel_id": "UCbg76STDxV0QwlvKfrMLFbg",
    "channel": {
      "id": "UCD8HOxPs4Xvsm8H0ZxXGiBw",
      "name": "Mel Channel 夜空メルチャンネル",
      "org": "Hololive",
      "suborg": "c 1st Generation",
      "type": "vtuber",
      "photo": "https://yt3.ggpht.com/8U3jlgaSNSJBkqyEI0j4XaT9cRLspqvjuyCkxw6xkfnWRqobKEJA-yJtx9UOZPFWN3jQimcYKc8=s800-c-k-c0x00ffffff-no-rj",
      "english_name": "Yozora Mel"
    },
    "collabs": []
  },
  {
    "id": "gJ8GJyA5mOw",
    "title": "夜空のとなりで",
    "type": "stream",
    "topic_id": "Original_Song",
    "published_at": "2022-09-08T10:09:32.000Z",
    "available_at": "2022-09-08T10:09:32.000Z",
    "duration": 228,
    "status": "past",
    "songcount": 1,
    "original_channel_id": "UCbg76STDxV0QwlvKfrMLFbg",
    "channel": {
      "id": "UCD8HOxPs4Xvsm8H0ZxXGiBw",
      "name": "Mel Channel 夜空メルチャンネル",
      "org": "Hololive",
      "suborg": "c 1st Generation",
      "type": "vtuber",
      "photo": "https://yt3.ggpht.com/8U3jlgaSNSJBkqyEI0j4XaT9cRLspqvjuyCkxw6xkfnWRqobKEJA-yJtx9UOZPFWN3jQimcYKc8=s800-c-k-c0x00ffffff-no-rj",
      "english_name": "Yozora Mel"
    },
    "collabs": []
  },
  {
    "id": "EbdqezVPgAA",
    "title": "夜空のとなりで (Instrumental)",
    "type": "stream",
    "topic_id": "Original_Song",
    "published_at": "2022-09-08T10:04:22.000Z",
    "available_at": "2022-09-08T10:04:22.000Z",
    "duration": 228,
    "status": "past",
    "songcount": 1,
    "original_channel_id": "UCbg76STDxV0QwlvKfrMLFbg",
    "channel": {
      "id": "UCD8HOxPs4Xvsm8H0ZxXGiBw",
      "name": "Mel Channel 夜空メルチャンネル",
      "org": "Hololive",
      "suborg": "c 1st Generation",
      "type": "vtuber",
      "photo": "https://yt3.ggpht.com/8U3jlgaSNSJBkqyEI0j4XaT9cRLspqvjuyCkxw6xkfnWRqobKEJA-yJtx9UOZPFWN3jQimcYKc8=s800-c-k-c0x00ffffff-no-rj",
      "english_name": "Yozora Mel"
    },
    "collabs": []
  },
  {
    "id": "yBQ5SVLVot4",
    "title": "赤くならないで",
    "type": "stream",
    "topic_id": "Original_Song",
    "published_at": "2022-07-18T10:05:52.000Z",
    "available_at": "2022-07-18T10:05:52.000Z",
    "duration": 212,
    "status": "past",
    "songcount": 1,
    "original_channel_id": "UCbg76STDxV0QwlvKfrMLFbg",
    "channel": {
      "id": "UCD8HOxPs4Xvsm8H0ZxXGiBw",
      "name": "Mel Channel 夜空メルチャンネル",
      "org": "Hololive",
      "suborg": "c 1st Generation",
      "type": "vtuber",
      "photo": "https://yt3.ggpht.com/8U3jlgaSNSJBkqyEI0j4XaT9cRLspqvjuyCkxw6xkfnWRqobKEJA-yJtx9UOZPFWN3jQimcYKc8=s800-c-k-c0x00ffffff-no-rj",
      "english_name": "Yozora Mel"
    },
    "collabs": []
  },
  {
    "id": "vKbWI9hSDmA",
    "title": "赤くならないで (Instrumental)",
    "type": "stream",
    "topic_id": "Original_Song",
    "published_at": "2022-07-18T10:05:25.000Z",
    "available_at": "2022-07-18T10:05:25.000Z",
    "duration": 212,
    "status": "past",
    "songcount": 1,
    "original_channel_id": "UCbg76STDxV0QwlvKfrMLFbg",
    "channel": {
      "id": "UCD8HOxPs4Xvsm8H0ZxXGiBw",
      "name": "Mel Channel 夜空メルチャンネル",
      "org": "Hololive",
      "suborg": "c 1st Generation",
      "type": "vtuber",
      "photo": "https://yt3.ggpht.com/8U3jlgaSNSJBkqyEI0j4XaT9cRLspqvjuyCkxw6xkfnWRqobKEJA-yJtx9UOZPFWN3jQimcYKc8=s800-c-k-c0x00ffffff-no-rj",
      "english_name": "Yozora Mel"
    },
    "collabs": []
  },
  {
    "id": "u-7smwd2_2A",
    "title": "流れ星☆キラキラ (Instrumental)",
    "type": "stream",
    "topic_id": "Original_Song",
    "published_at": "2022-06-23T10:03:28.000Z",
    "available_at": "2022-06-23T10:03:28.000Z",
    "duration": 244,
    "status": "past",
    "songcount": 1,
    "original_channel_id": "UCbg76STDxV0QwlvKfrMLFbg",
    "channel": {
      "id": "UCD8HOxPs4Xvsm8H0ZxXGiBw",
      "name": "Mel Channel 夜空メルチャンネル",
      "org": "Hololive",
      "suborg": "c 1st Generation",
      "type": "vtuber",
      "photo": "https://yt3.ggpht.com/8U3jlgaSNSJBkqyEI0j4XaT9cRLspqvjuyCkxw6xkfnWRqobKEJA-yJtx9UOZPFWN3jQimcYKc8=s800-c-k-c0x00ffffff-no-rj",
      "english_name": "Yozora Mel"
    },
    "collabs": []
  },
  {
    "id": "Hobpv9uvV5U",
    "title": "流れ星☆キラキラ",
    "type": "stream",
    "topic_id": "Original_Song",
    "published_at": "2022-06-23T10:03:14.000Z",
    "available_at": "2022-06-23T10:03:14.000Z",
    "duration": 244,
    "status": "past",
    "songcount": 1,
    "original_channel_id": "UCbg76STDxV0QwlvKfrMLFbg",
    "channel": {
      "id": "UCD8HOxPs4Xvsm8H0ZxXGiBw",
      "name": "Mel Channel 夜空メルチャンネル",
      "org": "Hololive",
      "suborg": "c 1st Generation",
      "type": "vtuber",
      "photo": "https://yt3.ggpht.com/8U3jlgaSNSJBkqyEI0j4XaT9cRLspqvjuyCkxw6xkfnWRqobKEJA-yJtx9UOZPFWN3jQimcYKc8=s800-c-k-c0x00ffffff-no-rj",
      "english_name": "Yozora Mel"
    },
    "collabs": []
  },
  {
    "id": "90CVhsx04jM",
    "title": "キャラメル・デビル",
    "type": "stream",
    "topic_id": "Original_Song",
    "published_at": "2022-05-13T10:08:35.000Z",
    "available_at": "2022-05-13T10:08:35.000Z",
    "duration": 221,
    "status": "past",
    "songcount": 1,
    "original_channel_id": "UCbg76STDxV0QwlvKfrMLFbg",
    "channel": {
      "id": "UCD8HOxPs4Xvsm8H0ZxXGiBw",
      "name": "Mel Channel 夜空メルチャンネル",
      "org": "Hololive",
      "suborg": "c 1st Generation",
      "type": "vtuber",
      "photo": "https://yt3.ggpht.com/8U3jlgaSNSJBkqyEI0j4XaT9cRLspqvjuyCkxw6xkfnWRqobKEJA-yJtx9UOZPFWN3jQimcYKc8=s800-c-k-c0x00ffffff-no-rj",
      "english_name": "Yozora Mel"
    },
    "collabs": []
  },
  {
    "id": "cxa0X-GCczk",
    "title": "キャラメル・デビル (Instrumental)",
    "type": "stream",
    "topic_id": "Original_Song",
    "published_at": "2022-05-13T10:03:12.000Z",
    "available_at": "2022-05-13T10:03:12.000Z",
    "duration": 221,
    "status": "past",
    "songcount": 1,
    "original_channel_id": "UCbg76STDxV0QwlvKfrMLFbg",
    "channel": {
      "id": "UCD8HOxPs4Xvsm8H0ZxXGiBw",
      "name": "Mel Channel 夜空メルチャンネル",
      "org": "Hololive",
      "suborg": "c 1st Generation",
      "type": "vtuber",
      "photo": "https://yt3.ggpht.com/8U3jlgaSNSJBkqyEI0j4XaT9cRLspqvjuyCkxw6xkfnWRqobKEJA-yJtx9UOZPFWN3jQimcYKc8=s800-c-k-c0x00ffffff-no-rj",
      "english_name": "Yozora Mel"
    },
    "collabs": []
  },
  {
    "id": "hC8XxWhG6yg",
    "title": "Choco♡Melty (Instrumental)",
    "type": "stream",
    "topic_id": "Original_Song",
    "published_at": "2021-12-19T10:05:53.000Z",
    "available_at": "2021-12-19T10:05:53.000Z",
    "duration": 263,
    "status": "past",
    "songcount": 1,
    "original_channel_id": "UCbg76STDxV0QwlvKfrMLFbg",
    "channel": {
      "id": "UCD8HOxPs4Xvsm8H0ZxXGiBw",
      "name": "Mel Channel 夜空メルチャンネル",
      "org": "Hololive",
      "suborg": "c 1st Generation",
      "type": "vtuber",
      "photo": "https://yt3.ggpht.com/8U3jlgaSNSJBkqyEI0j4XaT9cRLspqvjuyCkxw6xkfnWRqobKEJA-yJtx9UOZPFWN3jQimcYKc8=s800-c-k-c0x00ffffff-no-rj",
      "english_name": "Yozora Mel"
    },
    "collabs": []
  },
  {
    "id": "X8f066d0KMg",
    "title": "Choco♡Melty",
    "type": "stream",
    "topic_id": "Original_Song",
    "published_at": "2021-12-19T10:02:38.000Z",
    "available_at": "2021-12-19T10:02:38.000Z",
    "duration": 263,
    "status": "past",
    "songcount": 1,
    "original_channel_id": "UCbg76STDxV0QwlvKfrMLFbg",
    "channel": {
      "id": "UCD8HOxPs4Xvsm8H0ZxXGiBw",
      "name": "Mel Channel 夜空メルチャンネル",
      "org": "Hololive",
      "suborg": "c 1st Generation",
      "type": "vtuber",
      "photo": "https://yt3.ggpht.com/8U3jlgaSNSJBkqyEI0j4XaT9cRLspqvjuyCkxw6xkfnWRqobKEJA-yJtx9UOZPFWN3jQimcYKc8=s800-c-k-c0x00ffffff-no-rj",
      "english_name": "Yozora Mel"
    },
    "collabs": []
  },
  {
    "id": "HDTlvBVo3pU",
    "title": "かぷっとNightSky (Instrumental)",
    "type": "stream",
    "topic_id": "Original_Song",
    "published_at": "2021-10-26T06:29:37.000Z",
    "available_at": "2021-10-26T06:29:37.000Z",
    "duration": 249,
    "status": "past",
    "songcount": 1,
    "original_channel_id": "UCbg76STDxV0QwlvKfrMLFbg",
    "channel": {
      "id": "UCD8HOxPs4Xvsm8H0ZxXGiBw",
      "name": "Mel Channel 夜空メルチャンネル",
      "org": "Hololive",
      "suborg": "c 1st Generation",
      "type": "vtuber",
      "photo": "https://yt3.ggpht.com/8U3jlgaSNSJBkqyEI0j4XaT9cRLspqvjuyCkxw6xkfnWRqobKEJA-yJtx9UOZPFWN3jQimcYKc8=s800-c-k-c0x00ffffff-no-rj",
      "english_name": "Yozora Mel"
    },
    "collabs": []
  },
  {
    "id": "8cMrEjvIDAU",
    "title": "かぷっとNightSky",
    "type": "stream",
    "topic_id": "Original_Song",
    "published_at": "2021-10-26T06:29:37.000Z",
    "available_at": "2021-10-26T06:29:37.000Z",
    "duration": 249,
    "status": "past",
    "songcount": 1,
    "original_channel_id": "UCbg76STDxV0QwlvKfrMLFbg",
    "channel": {
      "id": "UCD8HOxPs4Xvsm8H0ZxXGiBw",
      "name": "Mel Channel 夜空メルチャンネル",
      "org": "Hololive",
      "suborg": "c 1st Generation",
      "type": "vtuber",
      "photo": "https://yt3.ggpht.com/8U3jlgaSNSJBkqyEI0j4XaT9cRLspqvjuyCkxw6xkfnWRqobKEJA-yJtx9UOZPFWN3jQimcYKc8=s800-c-k-c0x00ffffff-no-rj",
      "english_name": "Yozora Mel"
    },
    "collabs": []
  },
  {
    "id": "Xt1znPFtDUg",
    "title": "12日連続!! ブシロードゲーム情報局【8日目】 『Reバース for you』",
    "type": "stream",
    "published_at": "2020-09-26T10:46:19.000Z",
    "available_at": "2020-09-26T09:54:54.000Z",
    "duration": 2843,
    "status": "past",
    "original_channel_id": "UCFoS_FzutpGb3EDH3dZ47sw",
    "start_scheduled": "2020-09-26T10:00:00.000Z",
    "start_actual": "2020-09-26T09:54:54.000Z",
    "end_actual": "2020-09-26T10:42:08.000Z",
    "live_viewers": 0,
    "channel": {
      "id": "UCD8HOxPs4Xvsm8H0ZxXGiBw",
      "name": "Mel Channel 夜空メルチャンネル",
      "org": "Hololive",
      "suborg": "c 1st Generation",
      "type": "vtuber",
      "photo": "https://yt3.ggpht.com/8U3jlgaSNSJBkqyEI0j4XaT9cRLspqvjuyCkxw6xkfnWRqobKEJA-yJtx9UOZPFWN3jQimcYKc8=s800-c-k-c0x00ffffff-no-rj",
      "english_name": "Yozora Mel"
    },
    "collabs": []
  }
]