[
  {
    "id": "jV7KYcJRDBs",
    "title": "Midnight Grand Orchestra『Stellar Stellar』#1stLIVE_MidnightMission #星街すいせい #TAKUINOUE #shorts",
    "type": "stream",
    "topic_id": "shorts",
    "published_at": "2025-06-13T09:01:10.000Z",
    "available_at": "2025-06-13T09:01:10.000Z",
    "duration": 54,
    "status": "past",
    "channel": {
      "id": "UCnVbtCwr-5LXxUlGxsgD7sQ",
      "name": "Midnight Grand Orchestra",
      "org": "Hololive",
      "suborg": "w_Misc",
      "type": "vtuber",
      "photo": "https://yt3.ggpht.com/xw973Y1LNOonqa1rTs0AIEojwoEk20dqBTOM9girxa0ATdQ4GWD8paQxAl5OyxelF5YoEraK5w=s800-c-k-c0x00ffffff-no-rj",
      "english_name": "Midnight Grand Orchestra"
    },
    "collabs": []
  },
  {
    "id": "kfN--KsBz6s",
    "title": "Midnight Grand Orchestra『3 時 12 分』#1stLIVE_MidnightMission #星街すいせい #TAKUINOUE #shorts",
    "type": "stream",
    "topic_id": "shorts",
    "published_at": "2025-06-05T09:01:10.000Z",
    "available_at": "2025-06-05T09:01:10.000Z",
    "duration": 55,
    "status": "past",
    "mentions": [
      {
        "id": "UC5CwaMl1eIgY8h02uZw7u8A",
        "org": "Hololive",
        "lang": null,
        "name": "Suisei Channel",
        "type": "vtuber",
        "photo": "https://yt3.ggpht.com/ytc/AIdro_kLDBK5ksSvk5-XJ6S8e0kWfjy7mVl3jyUkgDeMQ7rlCpU=s800-c-k-c0x00ffffff-no-rj",
        "suborg": "0x0th Generation",
        "english_name": "Hoshimachi Suisei"
      }
    ],
    "channel": {
      "id": "UCnVbtCwr-5LXxUlGxsgD7sQ",
      "name": "Midnight Grand Orchestra",
      "org": "Hololive",
      "suborg": "w_Misc",
      "type": "vtuber",
      "photo": "https://yt3.ggpht.com/xw973Y1LNOonqa1rTs0AIEojwoEk20dqBTOM9girxa0ATdQ4GWD8paQxAl5OyxelF5YoEraK5w=s800-c-k-c0x00ffffff-no-rj",
      "english_name": "Midnight Grand Orchestra"
    },
    "collabs": [
      {
        "id": "UC5CwaMl1eIgY8h02uZw7u8A",
        "name": "Suisei Channel",
        "duration_seconds": 55
      }
    ]
  },
  {
    "id": "OW5p7XtYdAs",
    "title": "Midnight Grand Orchestra『Allegro』#1stLIVE_MidnightMission #星街すいせい #TAKUINOUE #shorts",
    "type": "stream",
    "topic_id": "shorts",
    "published_at": "2025-05-31T09:00:36.000Z",
    "available_at": "2025-05-31T09:00:36.000Z",
    "duration": 59,
    "status": "past",
    "mentions": [
      {
        "id": "UC5CwaMl1eIgY8h02uZw7u8A",
        "org": "Hololive",
        "lang": null,
        "name": "Suisei Channel",
        "type": "vtuber",
        "photo": "https://yt3.ggpht.com/ytc/AIdro_kLDBK5ksSvk5-XJ6S8e0kWfjy7mVl3jyUkgDeMQ7rlCpU=s800-c-k-c0x00ffffff-no-rj",
        "suborg": "0x0th Generation",
        "english_name": "Hoshimachi Suisei"
      }
    ],
    "channel": {
      "id": "UCnVbtCwr-5LXxUlGxsgD7sQ",
      "name": "Midnight Grand Orchestra",
      "org": "Hololive",
      "suborg": "w_Misc",
      "type": "vtuber",
      "photo": "https://yt3.ggpht.com/xw973Y1LNOonqa1rTs0AIEojwoEk20dqBTOM9girxa0ATdQ4GWD8paQxAl5OyxelF5YoEraK5w=s800-c-k-c0x00ffffff-no-rj",
      "english_name": "Midnight Grand Orchestra"
    },
    "collabs": [
      {
        "id": "UC5CwaMl1eIgY8h02uZw7u8A",
        "name": "Suisei Channel",
        "duration_seconds": 59
      }
    ]
  },
  {
    "id": "unkWnqxzti8",
    "title": "Midnight Grand Orchestra『Moonlightspeed』#1stLIVE_MidnightMission #星街すいせい #TAKUINOUE #shorts",
    "type": "stream",
    "topic_id": "shorts",
    "published_at": "2025-05-25T09:01:12.000Z",
    "available_at": "2025-05-25T09:01:12.000Z",
    "duration": 29,
    "status": "past",
    "mentions": [
      {
        "id": "UC5CwaMl1eIgY8h02uZw7u8A",
        "org": "Hololive",
        "lang": null,
        "name": "Suisei Channel",
        "type": "vtuber",
        "photo": "https://yt3.ggpht.com/ytc/AIdro_kLDBK5ksSvk5-XJ6S8e0kWfjy7mVl3jyUkgDeMQ7rlCpU=s800-c-k-c0x00ffffff-no-rj",
        "suborg": "0x0th Generation",
        "english_name": "Hoshimachi Suisei"
      }
    ],
    "channel": {
      "id": "UCnVbtCwr-5LXxUlGxsgD7sQ",
      "name": "Midnight Grand Orchestra",
      "org": "Hololive",
      "suborg": "w_Misc",
      "type": "vtuber",
      "photo": "https://yt3.ggpht.com/xw973Y1LNOonqa1rTs0AIEojwoEk20dqBTOM9girxa0ATdQ4GWD8paQxAl5OyxelF5YoEraK5w=s800-c-k-c0x00ffffff-no-rj",
      "english_name": "Midnight Grand Orchestra"
    },
    "collabs": [
      {
        "id": "UC5CwaMl1eIgY8h02uZw7u8A",
        "name": "Suisei Channel",
        "duration_seconds": 29
      }
    ]
  },
  {
    "id": "WwiU0ynsTlw",
    "title": "Midnight Grand Orchestra『Light The Light』#1stLIVE_MidnightMission #星街すいせい #TAKUINOUE #shorts",
    "type": "stream",
    "topic_id": "shorts",
    "published_at": "2025-05-22T09:00:47.000Z",
    "available_at": "2025-05-22T09:00:47.000Z",
    "duration": 60,
    "status": "past",
    "mentions": [
      {
        "id": "UC5CwaMl1eIgY8h02uZw7u8A",
        "org": "Hololive",
        "lang": null,
        "name": "Suisei Channel",
        "type": "vtuber",
        "photo": "https://yt3.ggpht.com/ytc/AIdro_kLDBK5ksSvk5-XJ6S8e0kWfjy7mVl3jyUkgDeMQ7rlCpU=s800-c-k-c0x00ffffff-no-rj",
        "suborg": "0x0th Generation",
        "english_name": "Hoshimachi Suisei"
      }
    ],
    "channel": {
      "id": "UCnVbtCwr-5LXxUlGxsgD7sQ",
      "name": "Midnight Grand Orchestra",
      "org": "Hololive",
      "suborg": "w_Misc",
      "type": "vtuber",
      "photo": "https://yt3.ggpht.com/xw973Y1LNOonqa1rTs0AIEojwoEk20dqBTOM9girxa0ATdQ4GWD8paQxAl5OyxelF5YoEraK5w=s800-c-k-c0x00ffffff-no-rj",
      "english_name": "Midnight Grand Orchestra"
    },
    "collabs": [
      {
        "id": "UC5CwaMl1eIgY8h02uZw7u8A",
        "name": "Suisei Channel",
        "duration_seconds": 60
      }
    ]
  },
  {
    "id": "BkmyODRe9SI",
    "title": "Midnight Grand Orchestra『ソリロキー』#1stLIVE_MidnightMission #星街すいせい #TAKUINOUE #shorts",
    "type": "stream",
    "topic_id": "shorts",
    "published_at": "2025-05-18T09:00:13.000Z",
    "available_at": "2025-05-18T09:00:13.000Z",
    "duration": 51,
    "status": "past",
    "mentions": [
      {
        "id": "UC5CwaMl1eIgY8h02uZw7u8A",
        "org": "Hololive",
        "lang": null,
        "name": "Suisei Channel",
        "type": "vtuber",
        "photo": "https://yt3.ggpht.com/ytc/AIdro_kLDBK5ksSvk5-XJ6S8e0kWfjy7mVl3jyUkgDeMQ7rlCpU=s800-c-k-c0x00ffffff-no-rj",
        "suborg": "0x0th Generation",
        "english_name": "Hoshimachi Suisei"
      }
    ],
    "channel": {
      "id": "UCnVbtCwr-5LXxUlGxsgD7sQ",
      "name": "Midnight Grand Orchestra",
      "org": "Hololive",
      "suborg": "w_Misc",
      "type": "vtuber",
      "photo": "https://yt3.ggpht.com/xw973Y1LNOonqa1rTs0AIEojwoEk20dqBTOM9girxa0ATdQ4GWD8paQxAl5OyxelF5YoEraK5w=s800-c-k-c0x00ffffff-no-rj",
      "english_name": "Midnight Grand Orchestra"
    },
    "collabs": [
      {
        "id": "UC5CwaMl1eIgY8h02uZw7u8A",
        "name": "Suisei Channel",
        "duration_seconds": 51
      }
    ]
  },
  {
    "id": "VaNpDSDWMTg",
    "title": "Midnight Grand Orchestra『Starpeggio』#1stLIVE_MidnightMission #星街すいせい #TAKUINOUE #shorts",
    "type": "stream",
    "topic_id": "shorts",
    "published_at": "2025-05-16T09:00:59.000Z",
    "available_at": "2025-05-16T09:00:59.000Z",
    "duration": 60,
    "status": "past",
    "mentions": [
      {
        "id": "UC5CwaMl1eIgY8h02uZw7u8A",
        "org": "Hololive",
        "lang": null,
        "name": "Suisei Channel",
        "type": "vtuber",
        "photo": "https://yt3.ggpht.com/ytc/AIdro_kLDBK5ksSvk5-XJ6S8e0kWfjy7mVl3jyUkgDeMQ7rlCpU=s800-c-k-c0x00ffffff-no-rj",
        "suborg": "0x0th Generation",
        "english_name": "Hoshimachi Suisei"
      }
    ],
    "channel": {
      "id": "UCnVbtCwr-5LXxUlGxsgD7sQ",
      "name": "Midnight Grand Orchestra",
      "org": "Hololive",
      "suborg": "w_Misc",
      "type": "vtuber",
      "photo": "https://yt3.ggpht.com/xw973Y1LNOonqa1rTs0AIEojwoEk20dqBTOM9girxa0ATdQ4GWD8paQxAl5OyxelF5YoEraK5w=s800-c-k-c0x00ffffff-no-rj",
      "english_name": "Midnight Grand Orchestra"
    },
    "collabs": [
      {
        "id": "UC5CwaMl1eIgY8h02uZw7u8A",
        "name": "Suisei Channel",
        "duration_seconds": 60
      }
    ]
  },
  {
    "id": "36h9o5MMqbs",
    "title": "Midnight Grand Orchestra『流星群』#1stLIVE_MidnightMission #星街すいせい #TAKUINOUE #shorts",
    "type": "stream",
    "topic_id": "shorts",
    "published_at": "2025-05-14T09:00:05.000Z",
    "available_at": "2025-05-14T09:00:05.000Z",
    "duration": 50,
    "status": "past",
    "mentions": [
      {
        "id": "UC5CwaMl1eIgY8h02uZw7u8A",
        "org": "Hololive",
        "lang": null,
        "name": "Suisei Channel",
        "type": "vtuber",
        "photo": "https://yt3.ggpht.com/ytc/AIdro_kLDBK5ksSvk5-XJ6S8e0kWfjy7mVl3jyUkgDeMQ7rlCpU=s800-c-k-c0x00ffffff-no-rj",
        "suborg": "0x0th Generation",
        "english_name": "Hoshimachi Suisei"
      }
    ],
    "channel": {
      "id": "UCnVbtCwr-5LXxUlGxsgD7sQ",
      "name": "Midnight Grand Orchestra",
      "org": "Hololive",
      "suborg": "w_Misc",
      "type": "vtuber",
      "photo": "https://yt3.ggpht.com/xw973Y1LNOonqa1rTs0AIEojwoEk20dqBTOM9girxa0ATdQ4GWD8paQxAl5OyxelF5YoEraK5w=s800-c-k-c0x00ffffff-no-rj",
      "english_name": "Midnight Grand Orchestra"
    },
    "collabs": [
      {
        "id": "UC5CwaMl1eIgY8h02uZw7u8A",
        "name": "Suisei Channel",
        "duration_seconds": 50
      }
    ]
  },
  {
    "id": "z8ChybwH2bg",
    "title": "Midnight Grand Orchestra『Tuning(Interlude)』#1stLIVE_MidnightMission #星街すいせい #TAKUINOUE #shorts",
    "type": "stream",
    "topic_id": "shorts",
    "published_at": "2025-05-12T09:32:11.000Z",
    "available_at": "2025-05-12T09:32:11.000Z",
    "duration": 55,
    "status": "past",
    "mentions": [
      {
        "id": "UC5CwaMl1eIgY8h02uZw7u8A",
        "org": "Hololive",
        "lang": null,
        "name": "Suisei Channel",
        "type": "vtuber",
        "photo": "https://yt3.ggpht.com/ytc/AIdro_kLDBK5ksSvk5-XJ6S8e0kWfjy7mVl3jyUkgDeMQ7rlCpU=s800-c-k-c0x00ffffff-no-rj",
        "suborg": "0x0th Generation",
        "english_name": "Hoshimachi Suisei"
      }
    ],
    "channel": {
      "id": "UCnVbtCwr-5LXxUlGxsgD7sQ",
      "name": "Midnight Grand Orchestra",
      "org": "Hololive",
      "suborg": "w_Misc",
      "type": "vtuber",
      "photo": "https://yt3.ggpht.com/xw973Y1LNOonqa1rTs0AIEojwoEk20dqBTOM9girxa0ATdQ4GWD8paQxAl5OyxelF5YoEraK5w=s800-c-k-c0x00ffffff-no-rj",
      "english_name": "Midnight Grand Orchestra"
    },
    "collabs": [
      {
        "id": "UC5CwaMl1eIgY8h02uZw7u8A",
        "name": "Suisei Channel",
        "duration_seconds": 55
      }
    ]
  },
  {
    "id": "IMrUQwLpqjQ",
    "title": "Midnight Grand Orchestra『Blackhole Dancehall』#1stLIVE_MidnightMission #星街すいせい #TAKUINOUE #shorts",
    "type": "stream",
    "topic_id": "shorts",
    "published_at": "2025-05-08T09:00:32.000Z",
    "available_at": "2025-05-08T09:00:32.000Z",
    "duration": 57,
    "status": "past",
    "mentions": [
      {
        "id": "UC5CwaMl1eIgY8h02uZw7u8A",
        "org": "Hololive",
        "lang": null,
        "name": "Suisei Channel",
        "type": "vtuber",
        "photo": "https://yt3.ggpht.com/ytc/AIdro_kLDBK5ksSvk5-XJ6S8e0kWfjy7mVl3jyUkgDeMQ7rlCpU=s800-c-k-c0x00ffffff-no-rj",
        "suborg": "0x0th Generation",
        "english_name": "Hoshimachi Suisei"
      }
    ],
    "channel": {
      "id": "UCnVbtCwr-5LXxUlGxsgD7sQ",
      "name": "Midnight Grand Orchestra",
      "org": "Hololive",
      "suborg": "w_Misc",
      "type": "vtuber",
      "photo": "https://yt3.ggpht.com/xw973Y1LNOonqa1rTs0AIEojwoEk20dqBTOM9girxa0ATdQ4GWD8paQxAl5OyxelF5YoEraK5w=s800-c-k-c0x00ffffff-no-rj",
      "english_name": "Midnight Grand Orchestra"
    },
    "collabs": [
      {
        "id": "UC5CwaMl1eIgY8h02uZw7u8A",
        "name": "Suisei Channel",
        "duration_seconds": 57
      }
    ]
  },
  {
    "id": "QrBeXh2PG68",
    "title": "Midnight Grand Orchestra『夜を待つよ』#1stLIVE_MidnightMission #星街すいせい #TAKUINOUE #shorts",
    "type": "stream",
    "topic_id": "shorts",
    "published_at": "2025-05-06T09:00:44.000Z",
    "available_at": "2025-05-06T09:00:44.000Z",
    "duration": 55,
    "status": "past",
    "mentions": [
      {
        "id": "UC5CwaMl1eIgY8h02uZw7u8A",
        "org": "Hololive",
        "lang": null,
        "name": "Suisei Channel",
        "type": "vtuber",
        "photo": "https://yt3.ggpht.com/ytc/AIdro_kLDBK5ksSvk5-XJ6S8e0kWfjy7mVl3jyUkgDeMQ7rlCpU=s800-c-k-c0x00ffffff-no-rj",
        "suborg": "0x0th Generation",
        "english_name": "Hoshimachi Suisei"
      }
    ],
    "channel": {
      "id": "UCnVbtCwr-5LXxUlGxsgD7sQ",
      "name": "Midnight Grand Orchestra",
      "org": "Hololive",
      "suborg": "w_Misc",
      "type": "vtuber",
      "photo": "https://yt3.ggpht.com/xw973Y1LNOonqa1rTs0AIEojwoEk20dqBTOM9girxa0ATdQ4GWD8paQxAl5OyxelF5YoEraK5w=s800-c-k-c0x00ffffff-no-rj",
      "english_name": "Midnight Grand Orchestra"
    },
    "collabs": [
      {
        "id": "UC5CwaMl1eIgY8h02uZw7u8A",
        "name": "Suisei Channel",
        "duration_seconds": 55
      }
    ]
  },
  {
    "id": "e0vBGF0wHW8",
    "title": "Midnight Grand Orchestra『Rat A Tat』#1stLIVE_MidnightMission #星街すいせい #TAKUINOUE #shorts",
    "type": "stream",
    "topic_id": "shorts",
    "published_at": "2025-05-04T09:00:56.000Z",
    "available_at": "2025-05-04T09:00:56.000Z",
    "duration": 59,
    "status": "past",
    "mentions": [
      {
        "id": "UC5CwaMl1eIgY8h02uZw7u8A",
        "org": "Hololive",
        "lang": null,
        "name": "Suisei Channel",
        "type": "vtuber",
        "photo": "https://yt3.ggpht.com/ytc/AIdro_kLDBK5ksSvk5-XJ6S8e0kWfjy7mVl3jyUkgDeMQ7rlCpU=s800-c-k-c0x00ffffff-no-rj",
        "suborg": "0x0th Generation",
        "english_name": "Hoshimachi Suisei"
      }
    ],
    "channel": {
      "id": "UCnVbtCwr-5LXxUlGxsgD7sQ",
      "name": "Midnight Grand Orchestra",
      "org": "Hololive",
      "suborg": "w_Misc",
      "type": "vtuber",
      "photo": "https://yt3.ggpht.com/xw973Y1LNOonqa1rTs0AIEojwoEk20dqBTOM9girxa0ATdQ4GWD8paQxAl5OyxelF5YoEraK5w=s800-c-k-c0x00ffffff-no-rj",
      "english_name": "Midnight Grand Orchestra"
    },
    "collabs": [
      {
        "id": "UC5CwaMl1eIgY8h02uZw7u8A",
        "name": "Suisei Channel",
        "duration_seconds": 59
      }
    ]
  },
  {
    "id": "wq5he-uaAz8",
    "title": "Midnight Grand Orchestra『Igniter』#1stLIVE_MidnightMission #星街すいせい #TAKUINOUE #shorts",
    "type": "stream",
    "topic_id": "shorts",
    "published_at": "2025-05-01T09:01:27.000Z",
    "available_at": "2025-05-01T09:01:27.000Z",
    "duration": 35,
    "status": "past",
    "mentions": [
      {
        "id": "UC5CwaMl1eIgY8h02uZw7u8A",
        "org": "Hololive",
        "lang": null,
        "name": "Suisei Channel",
        "type": "vtuber",
        "photo": "https://yt3.ggpht.com/ytc/AIdro_kLDBK5ksSvk5-XJ6S8e0kWfjy7mVl3jyUkgDeMQ7rlCpU=s800-c-k-c0x00ffffff-no-rj",
        "suborg": "0x0th Generation",
        "english_name": "Hoshimachi Suisei"
      }
    ],
    "channel": {
      "id": "UCnVbtCwr-5LXxUlGxsgD7sQ",
      "name": "Midnight Grand Orchestra",
      "org": "Hololive",
      "suborg": "w_Misc",
      "type": "vtuber",
      "photo": "https://yt3.ggpht.com/xw973Y1LNOonqa1rTs0AIEojwoEk20dqBTOM9girxa0ATdQ4GWD8paQxAl5OyxelF5YoEraK5w=s800-c-k-c0x00ffffff-no-rj",
      "english_name": "Midnight Grand Orchestra"
    },
    "collabs": [
      {
        "id": "UC5CwaMl1eIgY8h02uZw7u8A",
        "name": "Suisei Channel",
        "duration_seconds": 35
      }
    ]
  },
  {
    "id": "15C1r6WT8Ww",
    "title": "Midnight Grand Orchestra『Midnight Mission』#1stLIVE_MidnightMission #星街すいせい #TAKUINOUE #shorts",
    "type": "stream",
    "topic_id": "shorts",
    "published_at": "2025-04-29T09:03:50.000Z",
    "available_at": "2025-04-29T09:03:50.000Z",
    "duration": 57,
    "status": "past",
    "mentions": [
      {
        "id": "UC5CwaMl1eIgY8h02uZw7u8A",
        "org": "Hololive",
        "lang": null,
        "name": "Suisei Channel",
        "type": "vtuber",
        "photo": "https://yt3.ggpht.com/ytc/AIdro_kLDBK5ksSvk5-XJ6S8e0kWfjy7mVl3jyUkgDeMQ7rlCpU=s800-c-k-c0x00ffffff-no-rj",
        "suborg": "0x0th Generation",
        "english_name": "Hoshimachi Suisei"
      }
    ],
    "channel": {
      "id": "UCnVbtCwr-5LXxUlGxsgD7sQ",
      "name": "Midnight Grand Orchestra",
      "org": "Hololive",
      "suborg": "w_Misc",
      "type": "vtuber",
      "photo": "https://yt3.ggpht.com/xw973Y1LNOonqa1rTs0AIEojwoEk20dqBTOM9girxa0ATdQ4GWD8paQxAl5OyxelF5YoEraK5w=s800-c-k-c0x00ffffff-no-rj",
      "english_name": "Midnight Grand Orchestra"
    },
    "collabs": [
      {
        "id": "UC5CwaMl1eIgY8h02uZw7u8A",
        "name": "Suisei Channel",
        "duration_seconds": 57
      }
    ]
  },
  {
    "id": "Idkx1AAi0P8",
    "title": "Midnight Grand Orchestra『SOS』#1stLIVE_MidnightMission #星街すいせい #TAKUINOUE #shorts",
    "type": "stream",
    "topic_id": "shorts",
    "published_at": "2025-04-27T09:00:23.000Z",
    "available_at": "2025-04-27T09:00:23.000Z",
    "duration": 60,
    "status": "past",
    "mentions": [
      {
        "id": "UC5CwaMl1eIgY8h02uZw7u8A",
        "org": "Hololive",
        "lang": null,
        "name": "Suisei Channel",
        "type": "vtuber",
        "photo": "https://yt3.ggpht.com/ytc/AIdro_kLDBK5ksSvk5-XJ6S8e0kWfjy7mVl3jyUkgDeMQ7rlCpU=s800-c-k-c0x00ffffff-no-rj",
        "suborg": "0x0th Generation",
        "english_name": "Hoshimachi Suisei"
      }
    ],
    "channel": {
      "id": "UCnVbtCwr-5LXxUlGxsgD7sQ",
      "name": "Midnight Grand Orchestra",
      "org": "Hololive",
      "suborg": "w_Misc",
      "type": "vtuber",
      "photo": "https://yt3.ggpht.com/xw973Y1LNOonqa1rTs0AIEojwoEk20dqBTOM9girxa0ATdQ4GWD8paQxAl5OyxelF5YoEraK5w=s800-c-k-c0x00ffffff-no-rj",
      "english_name": "Midnight Grand Orchestra"
    },
    "collabs": [
      {
        "id": "UC5CwaMl1eIgY8h02uZw7u8A",
        "name": "Suisei Channel",
        "duration_seconds": 60
      }
    ]
  },
  {
    "id": "_n4M78uzLsk",
    "title": "Midnight Grand Orchestra『Never Ending Midnights』#1stLIVE_MidnightMission #星街すいせい #TAKUINOUE #shorts",
    "type": "stream",
    "topic_id": "shorts",
    "published_at": "2025-04-25T09:00:54.000Z",
    "available_at": "2025-04-25T09:00:54.000Z",
    "duration": 56,
    "status": "past",
    "mentions": [
      {
        "id": "UC5CwaMl1eIgY8h02uZw7u8A",
        "org": "Hololive",
        "lang": null,
        "name": "Suisei Channel",
        "type": "vtuber",
        "photo": "https://yt3.ggpht.com/ytc/AIdro_kLDBK5ksSvk5-XJ6S8e0kWfjy7mVl3jyUkgDeMQ7rlCpU=s800-c-k-c0x00ffffff-no-rj",
        "suborg": "0x0th Generation",
        "english_name": "Hoshimachi Suisei"
      }
    ],
    "channel": {
      "id": "UCnVbtCwr-5LXxUlGxsgD7sQ",
      "name": "Midnight Grand Orchestra",
      "org": "Hololive",
      "suborg": "w_Misc",
      "type": "vtuber",
      "photo": "https://yt3.ggpht.com/xw973Y1LNOonqa1rTs0AIEojwoEk20dqBTOM9girxa0ATdQ4GWD8paQxAl5OyxelF5YoEraK5w=s800-c-k-c0x00ffffff-no-rj",
      "english_name": "Midnight Grand Orchestra"
    },
    "collabs": [
      {
        "id": "UC5CwaMl1eIgY8h02uZw7u8A",
        "name": "Suisei Channel",
        "duration_seconds": 56
      }
    ]
  },
  {
    "id": "1ltwIC3oTBg",
    "title": "Midnight Grand Orchestra『Allegro』Music Video",
    "type": "stream",
    "topic_id": "Original_Song",
    "published_at": "2024-09-09T10:00:07.000Z",
    "available_at": "2024-09-09T10:00:07.000Z",
    "duration": 230,
    "status": "past",
    "songcount": 1,
    "start_scheduled": "2024-09-09T10:00:00.000Z",
    "start_actual": "2024-09-09T10:00:07.000Z",
    "end_actual": "2024-09-09T10:04:58.000Z",
    "live_viewers": 0,
    "mentions": [
      {
        "id": "UC5CwaMl1eIgY8h02uZw7u8A",
        "org": "Hololive",
        "lang": null,
        "name": "Suisei Channel",
        "type": "vtuber",
        "photo": "https://yt3.ggpht.com/ytc/AIdro_kLDBK5ksSvk5-XJ6S8e0kWfjy7mVl3jyUkgDeMQ7rlCpU=s800-c-k-c0x00ffffff-no-rj",
        "suborg": "0x0th Generation",
        "english_name": "Hoshimachi Suisei"
      }
    ],
    "channel": {
      "id": "UCnVbtCwr-5LXxUlGxsgD7sQ",
      "name": "Midnight Grand Orchestra",
      "org": "Hololive",
      "suborg": "w_Misc",
      "type": "vtuber",
      "photo": "https://yt3.ggpht.com/xw973Y1LNOonqa1rTs0AIEojwoEk20dqBTOM9girxa0ATdQ4GWD8paQxAl5OyxelF5YoEraK5w=s800-c-k-c0x00ffffff-no-rj",
      "english_name": "Midnight Grand Orchestra"
    },
    "collabs": [
      {
        "id": "UC5CwaMl1eIgY8h02uZw7u8A",
        "name": "Suisei Channel",
        "duration_seconds": 291
      }
    ]
  },
  {
    "id": "-70DoHY9Dag",
    "title": "8/23[fri] 18:30〜 #youtubemusicweekend",
    "type": "stream",
    "topic_id": "shorts",
    "published_at": "2024-08-07T03:00:00.000Z",
    "available_at": "2024-08-07T03:00:00.000Z",
    "duration": 7,
    "status": "past",
    "mentions": [
      {
        "id": "UC5CwaMl1eIgY8h02uZw7u8A",
        "org": "Hololive",
        "lang": null,
        "name": "Suisei Channel",
        "type": "vtuber",
        "photo": "https://yt3.ggpht.com/ytc/AIdro_kLDBK5ksSvk5-XJ6S8e0kWfjy7mVl3jyUkgDeMQ7rlCpU=s800-c-k-c0x00ffffff-no-rj",
        "suborg": "0x0th Generation",
        "english_name": "Hoshimachi Suisei"
      }
    ],
    "channel": {
      "id": "UCnVbtCwr-5LXxUlGxsgD7sQ",
      "name": "Midnight Grand Orchestra",
      "org": "Hololive",
      "suborg": "w_Misc",
      "type": "vtuber",
      "photo": "https://yt3.ggpht.com/xw973Y1LNOonqa1rTs0AIEojwoEk20dqBTOM9girxa0ATdQ4GWD8paQxAl5OyxelF5YoEraK5w=s800-c-k-c0x00ffffff-no-rj",
      "english_name": "Midnight Grand Orchestra"
    },
    "collabs": [
      {
        "id": "UC5CwaMl1eIgY8h02uZw7u8A",
        "name": "Suisei Channel",
        "duration_seconds": 7
      }
    ]
  },
  {
    "id": "5MfRDUVii4M",
    "title": "Midnight Grand Orchestra『ソリロキー』",
    "type": "stream",
    "topic_id": "shorts",
    "published_at": "2024-02-21T09:06:14.000Z",
    "available_at": "2024-02-21T09:06:14.000Z",
    "duration": 34,
    "status": "past",
    "mentions": [
      {
        "id": "UC5CwaMl1eIgY8h02uZw7u8A",
        "org": "Hololive",
        "lang": null,
        "name": "Suisei Channel",
        "type": "vtuber",
        "photo": "https://yt3.ggpht.com/ytc/AIdro_kLDBK5ksSvk5-XJ6S8e0kWfjy7mVl3jyUkgDeMQ7rlCpU=s800-c-k-c0x00ffffff-no-rj",
        "suborg": "0x0th Generation",
        "english_name": "Hoshimachi Suisei"
      }
    ],
    "channel": {
      "id": "UCnVbtCwr-5LXxUlGxsgD7sQ",
      "name": "Midnight Grand Orchestra",
      "org": "Hololive",
      "suborg": "w_Misc",
      "type": "vtuber",
      "photo": "https://yt3.ggpht.com/xw973Y1LNOonqa1rTs0AIEojwoEk20dqBTOM9girxa0ATdQ4GWD8paQxAl5OyxelF5YoEraK5w=s800-c-k-c0x00ffffff-no-rj",
      "english_name": "Midnight Grand Orchestra"
    },
    "collabs": [
      {
        "id": "UC5CwaMl1eIgY8h02uZw7u8A",
        "name": "Suisei Channel",
        "duration_seconds": 34
      }
    ]
  },
  {
    "id": "Kx5sc9iV59A",
    "title": "Midnight Grand Orchestra『ソリロキー』Prologue #shorts",
    "type": "stream",
    "topic_id": "shorts",
    "published_at": "2024-02-21T09:00:50.000Z",
    "available_at": "2024-02-21T09:00:50.000Z",
    "duration": 60,
    "status": "past",
    "mentions": [
      {
        "id": "UC5CwaMl1eIgY8h02uZw7u8A",
        "org": "Hololive",
        "lang": null,
        "name": "Suisei Channel",
        "type": "vtuber",
        "photo": "https://yt3.ggpht.com/ytc/AIdro_kLDBK5ksSvk5-XJ6S8e0kWfjy7mVl3jyUkgDeMQ7rlCpU=s800-c-k-c0x00ffffff-no-rj",
        "suborg": "0x0th Generation",
        "english_name": "Hoshimachi Suisei"
      }
    ],
    "channel": {
      "id": "UCnVbtCwr-5LXxUlGxsgD7sQ",
      "name": "Midnight Grand Orchestra",
      "org": "Hololive",
      "suborg": "w_Misc",
      "type": "vtuber",
      "photo": "https://yt3.ggpht.com/xw973Y1LNOonqa1rTs0AIEojwoEk20dqBTOM9girxa0ATdQ4GWD8paQxAl5OyxelF5YoEraK5w=s800-c-k-c0x00ffffff-no-rj",
      "english_name": "Midnight Grand Orchestra"
    },
    "collabs": [
      {
        "id": "UC5CwaMl1eIgY8h02uZw7u8A",
        "name": "Suisei Channel",
        "duration_seconds": 60
      }
    ]
  },
  {
    "id": "Pabe3CXVjUs",
    "title": "Midnight Grand Orchestra『ソリロキー』Prologue",
    "type": "stream",
    "published_at": "2024-02-21T06:02:55.000Z",
    "available_at": "2024-02-21T06:02:55.000Z",
    "duration": 63,
    "status": "past",
    "mentions": [
      {
        "id": "UC5CwaMl1eIgY8h02uZw7u8A",
        "org": "Hololive",
        "lang": null,
        "name": "Suisei Channel",
        "type": "vtuber",
        "photo": "https://yt3.ggpht.com/ytc/AIdro_kLDBK5ksSvk5-XJ6S8e0kWfjy7mVl3jyUkgDeMQ7rlCpU=s800-c-k-c0x00ffffff-no-rj",
        "suborg": "0x0th Generation",
        "english_name": "Hoshimachi Suisei"
      }
    ],
    "channel": {
      "id": "UCnVbtCwr-5LXxUlGxsgD7sQ",
      "name": "Midnight Grand Orchestra",
      "org": "Hololive",
      "suborg": "w_Misc",
      "type": "vtuber",
      "photo": "https://yt3.ggpht.com/xw973Y1LNOonqa1rTs0AIEojwoEk20dqBTOM9girxa0ATdQ4GWD8paQxAl5OyxelF5YoEraK5w=s800-c-k-c0x00ffffff-no-rj",
      "english_name": "Midnight Grand Orchestra"
    },
    "collabs": [
      {
        "id": "UC5CwaMl1eIgY8h02uZw7u8A",
        "name": "Suisei Channel",
        "duration_seconds": 63
      }
    ]
  },
  {
    "id": "Ap9ymdj1QXE",
    "title": "Midnight Grand Orchestra『ソリロキー』Music Video",
    "type": "stream",
    "topic_id": "Original_Song",
    "published_at": "2024-02-20T13:00:11.000Z",
    "available_at": "2024-02-20T13:00:11.000Z",
    "duration": 209,
    "status": "past",
    "songcount": 1,
    "start_scheduled": "2024-02-20T13:00:00.000Z",
    "start_actual": "2024-02-20T13:00:11.000Z",
    "end_actual": "2024-02-20T13:05:34.000Z",
    "live_viewers": 0,
    "mentions": [
      {
        "id": "UC5CwaMl1eIgY8h02uZw7u8A",
        "org": "Hololive",
        "lang": null,
        "name": "Suisei Channel",
        "type": "vtuber",
        "photo": "https://yt3.ggpht.com/ytc/AIdro_kLDBK5ksSvk5-XJ6S8e0kWfjy7mVl3jyUkgDeMQ7rlCpU=s800-c-k-c0x00ffffff-no-rj",
        "suborg": "0x0th Generation",
        "english_name": "Hoshimachi Suisei"
      }
    ],
    "channel": {
      "id": "UCnVbtCwr-5LXxUlGxsgD7sQ",
      "name": "Midnight Grand Orchestra",
      "org": "Hololive",
      "suborg": "w_Misc",
      "type": "vtuber",
      "photo": "https://yt3.ggpht.com/xw973Y1LNOonqa1rTs0AIEojwoEk20dqBTOM9girxa0ATdQ4GWD8paQxAl5OyxelF5YoEraK5w=s800-c-k-c0x00ffffff-no-rj",
      "english_name": "Midnight Grand Orchestra"
    },
    "collabs": [
      {
        "id": "UC5CwaMl1eIgY8h02uZw7u8A",
        "name": "Suisei Channel",
        "duration_seconds": 323
      }
    ]
  },
  {
    "id": "UeHcGTNlLvY",
    "title": "【冒頭無料配信】Midnight Grand Orchestra 1st LIVE「Midnight Mission」",
    "type": "stream",
    "topic_id": "3D_Stream",
    "published_at": "2024-02-20T10:58:26.000Z",
    "available_at": "2024-02-20T10:10:08.000Z",
    "duration": 2741,
    "status": "past",
    "songcount": 4,
    "start_scheduled": "2024-02-20T10:30:00.000Z",
    "start_actual": "2024-02-20T10:10:08.000Z",
    "end_actual": "2024-02-20T10:55:36.000Z",
    "live_viewers": 0,
    "mentions": [
      {
        "id": "UC5CwaMl1eIgY8h02uZw7u8A",
        "org": "Hololive",
        "lang": null,
        "name": "Suisei Channel",
        "type": "vtuber",
        "photo": "https://yt3.ggpht.com/ytc/AIdro_kLDBK5ksSvk5-XJ6S8e0kWfjy7mVl3jyUkgDeMQ7rlCpU=s800-c-k-c0x00ffffff-no-rj",
        "suborg": "0x0th Generation",
        "english_name": "Hoshimachi Suisei"
      }
    ],
    "channel": {
      "id": "UCnVbtCwr-5LXxUlGxsgD7sQ",
      "name": "Midnight Grand Orchestra",
      "org": "Hololive",
      "suborg": "w_Misc",
      "type": "vtuber",
      "photo": "https://yt3.ggpht.com/xw973Y1LNOonqa1rTs0AIEojwoEk20dqBTOM9girxa0ATdQ4GWD8paQxAl5OyxelF5YoEraK5w=s800-c-k-c0x00ffffff-no-rj",
      "english_name": "Midnight Grand Orchestra"
    },
    "collabs": [
      {
        "id": "UC5CwaMl1eIgY8h02uZw7u8A",
        "name": "Suisei Channel",
        "duration_seconds": 2728
      }
    ]
  },
  {
    "id": "NIuU43Zavn4",
    "title": "Midnight Grand Orchestra 1st LIVE 「Midnight Mission」Teaser",
    "type": "stream",
    "topic_id": "Teaser",
    "published_at": "2024-02-07T11:00:17.000Z",
    "available_at": "2024-02-07T11:00:17.000Z",
    "duration": 37,
    "status": "past",
    "mentions": [
      {
        "id": "UC5CwaMl1eIgY8h02uZw7u8A",
        "org": "Hololive",
        "lang": null,
        "name": "Suisei Channel",
        "type": "vtuber",
        "photo": "https://yt3.ggpht.com/ytc/AIdro_kLDBK5ksSvk5-XJ6S8e0kWfjy7mVl3jyUkgDeMQ7rlCpU=s800-c-k-c0x00ffffff-no-rj",
        "suborg": "0x0th Generation",
        "english_name": "Hoshimachi Suisei"
      }
    ],
    "channel": {
      "id": "UCnVbtCwr-5LXxUlGxsgD7sQ",
      "name": "Midnight Grand Orchestra",
      "org": "Hololive",
      "suborg": "w_Misc",
      "type": "vtuber",
      "photo": "https://yt3.ggpht.com/xw973Y1LNOonqa1rTs0AIEojwoEk20dqBTOM9girxa0ATdQ4GWD8paQxAl5OyxelF5YoEraK5w=s800-c-k-c0x00ffffff-no-rj",
      "english_name": "Midnight Grand Orchestra"
    },
    "collabs": [
      {
        "id": "UC5CwaMl1eIgY8h02uZw7u8A",
        "name": "Suisei Channel",
        "duration_seconds": 37
      }
    ]
  },
  {
    "id": "sLWcNrEY-xg",
    "title": "火を吹け 僕のイグナイター #Igniter #shorts",
    "type": "stream",
    "topic_id": "shorts",
    "published_at": "2024-01-31T11:00:55.000Z",
    "available_at": "2024-01-31T11:00:55.000Z",
    "duration": 61,
    "status": "past",
    "mentions": [
      {
        "id": "UC5CwaMl1eIgY8h02uZw7u8A",
        "org": "Hololive",
        "lang": null,
        "name": "Suisei Channel",
        "type": "vtuber",
        "photo": "https://yt3.ggpht.com/ytc/AIdro_kLDBK5ksSvk5-XJ6S8e0kWfjy7mVl3jyUkgDeMQ7rlCpU=s800-c-k-c0x00ffffff-no-rj",
        "suborg": "0x0th Generation",
        "english_name": "Hoshimachi Suisei"
      }
    ],
    "channel": {
      "id": "UCnVbtCwr-5LXxUlGxsgD7sQ",
      "name": "Midnight Grand Orchestra",
      "org": "Hololive",
      "suborg": "w_Misc",
      "type": "vtuber",
      "photo": "https://yt3.ggpht.com/xw973Y1LNOonqa1rTs0AIEojwoEk20dqBTOM9girxa0ATdQ4GWD8paQxAl5OyxelF5YoEraK5w=s800-c-k-c0x00ffffff-no-rj",
      "english_name": "Midnight Grand Orchestra"
    },
    "collabs": [
      {
        "id": "UC5CwaMl1eIgY8h02uZw7u8A",
        "name": "Suisei Channel",
        "duration_seconds": 61
      }
    ]
  },
  {
    "id": "hyIZH2VZ3Wk",
    "title": "どこ見てんだ ラブミーテンダー #Igniter #shorts",
    "type": "stream",
    "topic_id": "shorts",
    "published_at": "2024-01-29T11:00:36.000Z",
    "available_at": "2024-01-29T11:00:36.000Z",
    "duration": 41,
    "status": "past",
    "mentions": [
      {
        "id": "UC5CwaMl1eIgY8h02uZw7u8A",
        "org": "Hololive",
        "lang": null,
        "name": "Suisei Channel",
        "type": "vtuber",
        "photo": "https://yt3.ggpht.com/ytc/AIdro_kLDBK5ksSvk5-XJ6S8e0kWfjy7mVl3jyUkgDeMQ7rlCpU=s800-c-k-c0x00ffffff-no-rj",
        "suborg": "0x0th Generation",
        "english_name": "Hoshimachi Suisei"
      }
    ],
    "channel": {
      "id": "UCnVbtCwr-5LXxUlGxsgD7sQ",
      "name": "Midnight Grand Orchestra",
      "org": "Hololive",
      "suborg": "w_Misc",
      "type": "vtuber",
      "photo": "https://yt3.ggpht.com/xw973Y1LNOonqa1rTs0AIEojwoEk20dqBTOM9girxa0ATdQ4GWD8paQxAl5OyxelF5YoEraK5w=s800-c-k-c0x00ffffff-no-rj",
      "english_name": "Midnight Grand Orchestra"
    },
    "collabs": [
      {
        "id": "UC5CwaMl1eIgY8h02uZw7u8A",
        "name": "Suisei Channel",
        "duration_seconds": 41
      }
    ]
  },
  {
    "id": "3bpVh2ljUuM",
    "title": "今夜のヘッドショット #Igniter #shorts",
    "type": "stream",
    "topic_id": "shorts",
    "published_at": "2024-01-25T11:00:03.000Z",
    "available_at": "2024-01-25T11:00:03.000Z",
    "duration": 41,
    "status": "past",
    "mentions": [
      {
        "id": "UC5CwaMl1eIgY8h02uZw7u8A",
        "org": "Hololive",
        "lang": null,
        "name": "Suisei Channel",
        "type": "vtuber",
        "photo": "https://yt3.ggpht.com/ytc/AIdro_kLDBK5ksSvk5-XJ6S8e0kWfjy7mVl3jyUkgDeMQ7rlCpU=s800-c-k-c0x00ffffff-no-rj",
        "suborg": "0x0th Generation",
        "english_name": "Hoshimachi Suisei"
      }
    ],
    "channel": {
      "id": "UCnVbtCwr-5LXxUlGxsgD7sQ",
      "name": "Midnight Grand Orchestra",
      "org": "Hololive",
      "suborg": "w_Misc",
      "type": "vtuber",
      "photo": "https://yt3.ggpht.com/xw973Y1LNOonqa1rTs0AIEojwoEk20dqBTOM9girxa0ATdQ4GWD8paQxAl5OyxelF5YoEraK5w=s800-c-k-c0x00ffffff-no-rj",
      "english_name": "Midnight Grand Orchestra"
    },
    "collabs": [
      {
        "id": "UC5CwaMl1eIgY8h02uZw7u8A",
        "name": "Suisei Channel",
        "duration_seconds": 41
      }
    ]
  },
  {
    "id": "Gbk6-gG3bhY",
    "title": "流星が合図だ キックスタート #Igniter #shorts",
    "type": "stream",
    "topic_id": "shorts",
    "published_at": "2024-01-22T11:00:11.000Z",
    "available_at": "2024-01-22T11:00:11.000Z",
    "duration": 26,
    "status": "past",
    "mentions": [
      {
        "id": "UC5CwaMl1eIgY8h02uZw7u8A",
        "org": "Hololive",
        "lang": null,
        "name": "Suisei Channel",
        "type": "vtuber",
        "photo": "https://yt3.ggpht.com/ytc/AIdro_kLDBK5ksSvk5-XJ6S8e0kWfjy7mVl3jyUkgDeMQ7rlCpU=s800-c-k-c0x00ffffff-no-rj",
        "suborg": "0x0th Generation",
        "english_name": "Hoshimachi Suisei"
      }
    ],
    "channel": {
      "id": "UCnVbtCwr-5LXxUlGxsgD7sQ",
      "name": "Midnight Grand Orchestra",
      "org": "Hololive",
      "suborg": "w_Misc",
      "type": "vtuber",
      "photo": "https://yt3.ggpht.com/xw973Y1LNOonqa1rTs0AIEojwoEk20dqBTOM9girxa0ATdQ4GWD8paQxAl5OyxelF5YoEraK5w=s800-c-k-c0x00ffffff-no-rj",
      "english_name": "Midnight Grand Orchestra"
    },
    "collabs": [
      {
        "id": "UC5CwaMl1eIgY8h02uZw7u8A",
        "name": "Suisei Channel",
        "duration_seconds": 26
      }
    ]
  },
  {
    "id": "p_jdrqhPSV4",
    "title": "Midnight Grand Orchestra『Igniter』Music Video",
    "type": "stream",
    "topic_id": "Original_Song",
    "published_at": "2023-12-13T10:00:09.000Z",
    "available_at": "2023-12-13T10:00:09.000Z",
    "duration": 199,
    "status": "past",
    "songcount": 1,
    "start_scheduled": "2023-12-13T10:00:00.000Z",
    "start_actual": "2023-12-13T10:00:09.000Z",
    "end_actual": "2023-12-13T10:05:24.000Z",
    "live_viewers": 0,
    "mentions": [
      {
        "id": "UC5CwaMl1eIgY8h02uZw7u8A",
        "org": "Hololive",
        "lang": null,
        "name": "Suisei Channel",
        "type": "vtuber",
        "photo": "https://yt3.ggpht.com/ytc/AIdro_kLDBK5ksSvk5-XJ6S8e0kWfjy7mVl3jyUkgDeMQ7rlCpU=s800-c-k-c0x00ffffff-no-rj",
        "suborg": "0x0th Generation",
        "english_name": "Hoshimachi Suisei"
      }
    ],
    "channel": {
      "id": "UCnVbtCwr-5LXxUlGxsgD7sQ",
      "name": "Midnight Grand Orchestra",
      "org": "Hololive",
      "suborg": "w_Misc",
      "type": "vtuber",
      "photo": "https://yt3.ggpht.com/xw973Y1LNOonqa1rTs0AIEojwoEk20dqBTOM9girxa0ATdQ4GWD8paQxAl5OyxelF5YoEraK5w=s800-c-k-c0x00ffffff-no-rj",
      "english_name": "Midnight Grand Orchestra"
    },
    "collabs": [
      {
        "id": "UC5CwaMl1eIgY8h02uZw7u8A",
        "name": "Suisei Channel",
        "duration_seconds": 315
      }
    ]
  },
  {
    "id": "QKfYTZwA9Bw",
    "title": "Midnight Grand Orchestra Exhibition「MIDNIGHT MISSION」Introduction Movie",
    "type": "stream",
    "topic_id": "announce",
    "published_at": "2023-12-12T11:02:07.000Z",
    "available_at": "2023-12-12T11:02:07.000Z",
    "duration": 75,
    "status": "past",
    "mentions": [
      {
        "id": "UC5CwaMl1eIgY8h02uZw7u8A",
        "org": "Hololive",
        "lang": null,
        "name": "Suisei Channel",
        "type": "vtuber",
        "photo": "https://yt3.ggpht.com/ytc/AIdro_kLDBK5ksSvk5-XJ6S8e0kWfjy7mVl3jyUkgDeMQ7rlCpU=s800-c-k-c0x00ffffff-no-rj",
        "suborg": "0x0th Generation",
        "english_name": "Hoshimachi Suisei"
      }
    ],
    "channel": {
      "id": "UCnVbtCwr-5LXxUlGxsgD7sQ",
      "name": "Midnight Grand Orchestra",
      "org": "Hololive",
      "suborg": "w_Misc",
      "type": "vtuber",
      "photo": "https://yt3.ggpht.com/xw973Y1LNOonqa1rTs0AIEojwoEk20dqBTOM9girxa0ATdQ4GWD8paQxAl5OyxelF5YoEraK5w=s800-c-k-c0x00ffffff-no-rj",
      "english_name": "Midnight Grand Orchestra"
    },
    "collabs": [
      {
        "id": "UC5CwaMl1eIgY8h02uZw7u8A",
        "name": "Suisei Channel",
        "duration_seconds": 75
      }
    ]
  },
  {
    "id": "yZECTENAeZ0",
    "title": "Soliloquy",
    "type": "stream",
    "topic_id": "Original_Song",
    "published_at": "2023-12-12T10:00:40.000Z",
    "available_at": "2023-12-12T10:00:40.000Z",
    "duration": 206,
    "status": "past",
    "songcount": 1,
    "original_channel_id": "UCEkx8aE2yjitVQ-5lG-xhGQ",
    "channel": {
      "id": "UCnVbtCwr-5LXxUlGxsgD7sQ",
      "name": "Midnight Grand Orchestra",
      "org": "Hololive",
      "suborg": "w_Misc",
      "type": "vtuber",
      "photo": "https://yt3.ggpht.com/xw973Y1LNOonqa1rTs0AIEojwoEk20dqBTOM9girxa0ATdQ4GWD8paQxAl5OyxelF5YoEraK5w=s800-c-k-c0x00ffffff-no-rj",
      "english_name": "Midnight Grand Orchestra"
    },
    "collabs": []
  },
  {
    "id": "cWsM_8hauvw",
    "title": "Starpeggio",
    "type": "stream",
    "topic_id": "Original_Song",
    "published_at": "2023-12-12T10:00:33.000Z",
    "available_at": "2023-12-12T10:00:33.000Z",
    "duration": 75,
    "status": "past",
    "songcount": 1,
    "original_channel_id": "UCEkx8aE2yjitVQ-5lG-xhGQ",
    "channel": {
      "id": "UCnVbtCwr-5LXxUlGxsgD7sQ",
      "name": "Midnight Grand Orchestra",
      "org": "Hololive",
      "suborg": "w_Misc",
      "type": "vtuber",
      "photo": "https://yt3.ggpht.com/xw973Y1LNOonqa1rTs0AIEojwoEk20dqBTOM9girxa0ATdQ4GWD8paQxAl5OyxelF5YoEraK5w=s800-c-k-c0x00ffffff-no-rj",
      "english_name": "Midnight Grand Orchestra"
    },
    "collabs": []
  },
  {
    "id": "__jKutItIsU",
    "title": "I'll Wait For The Night",
    "type": "stream",
    "topic_id": "Original_Song",
    "published_at": "2023-12-12T10:00:31.000Z",
    "available_at": "2023-12-12T10:00:31.000Z",
    "duration": 249,
    "status": "past",
    "songcount": 1,
    "original_channel_id": "UCEkx8aE2yjitVQ-5lG-xhGQ",
    "channel": {
      "id": "UCnVbtCwr-5LXxUlGxsgD7sQ",
      "name": "Midnight Grand Orchestra",
      "org": "Hololive",
      "suborg": "w_Misc",
      "type": "vtuber",
      "photo": "https://yt3.ggpht.com/xw973Y1LNOonqa1rTs0AIEojwoEk20dqBTOM9girxa0ATdQ4GWD8paQxAl5OyxelF5YoEraK5w=s800-c-k-c0x00ffffff-no-rj",
      "english_name": "Midnight Grand Orchestra"
    },
    "collabs": []
  },
  {
    "id": "oaKymXyPjbk",
    "title": "Moonlightspeed",
    "type": "stream",
    "topic_id": "Original_Song",
    "published_at": "2023-12-12T10:00:30.000Z",
    "available_at": "2023-12-12T10:00:30.000Z",
    "duration": 194,
    "status": "past",
    "songcount": 1,
    "original_channel_id": "UCEkx8aE2yjitVQ-5lG-xhGQ",
    "channel": {
      "id": "UCnVbtCwr-5LXxUlGxsgD7sQ",
      "name": "Midnight Grand Orchestra",
      "org": "Hololive",
      "suborg": "w_Misc",
      "type": "vtuber",
      "photo": "https://yt3.ggpht.com/xw973Y1LNOonqa1rTs0AIEojwoEk20dqBTOM9girxa0ATdQ4GWD8paQxAl5OyxelF5YoEraK5w=s800-c-k-c0x00ffffff-no-rj",
      "english_name": "Midnight Grand Orchestra"
    },
    "collabs": []
  },
  {
    "id": "fT4qgGlEDjU",
    "title": "Blackhole Dancehall",
    "type": "stream",
    "topic_id": "Original_Song",
    "published_at": "2023-12-12T10:00:24.000Z",
    "available_at": "2023-12-12T10:00:24.000Z",
    "duration": 193,
    "status": "past",
    "songcount": 1,
    "original_channel_id": "UCEkx8aE2yjitVQ-5lG-xhGQ",
    "channel": {
      "id": "UCnVbtCwr-5LXxUlGxsgD7sQ",
      "name": "Midnight Grand Orchestra",
      "org": "Hololive",
      "suborg": "w_Misc",
      "type": "vtuber",
      "photo": "https://yt3.ggpht.com/xw973Y1LNOonqa1rTs0AIEojwoEk20dqBTOM9girxa0ATdQ4GWD8paQxAl5OyxelF5YoEraK5w=s800-c-k-c0x00ffffff-no-rj",
      "english_name": "Midnight Grand Orchestra"
    },
    "collabs": []
  },
  {
    "id": "E7vRM5PMsTc",
    "title": "Light The Light",
    "type": "stream",
    "topic_id": "Original_Song",
    "published_at": "2023-12-12T10:00:17.000Z",
    "available_at": "2023-12-12T10:00:17.000Z",
    "duration": 200,
    "status": "past",
    "songcount": 1,
    "original_channel_id": "UCEkx8aE2yjitVQ-5lG-xhGQ",
    "channel": {
      "id": "UCnVbtCwr-5LXxUlGxsgD7sQ",
      "name": "Midnight Grand Orchestra",
      "org": "Hololive",
      "suborg": "w_Misc",
      "type": "vtuber",
      "photo": "https://yt3.ggpht.com/xw973Y1LNOonqa1rTs0AIEojwoEk20dqBTOM9girxa0ATdQ4GWD8paQxAl5OyxelF5YoEraK5w=s800-c-k-c0x00ffffff-no-rj",
      "english_name": "Midnight Grand Orchestra"
    },
    "collabs": []
  },
  {
    "id": "I6oN9OgqrtU",
    "title": "Midnight Mission",
    "type": "stream",
    "topic_id": "Original_Song",
    "published_at": "2023-12-12T10:00:10.000Z",
    "available_at": "2023-12-12T10:00:10.000Z",
    "duration": 223,
    "status": "past",
    "songcount": 1,
    "original_channel_id": "UCEkx8aE2yjitVQ-5lG-xhGQ",
    "channel": {
      "id": "UCnVbtCwr-5LXxUlGxsgD7sQ",
      "name": "Midnight Grand Orchestra",
      "org": "Hololive",
      "suborg": "w_Misc",
      "type": "vtuber",
      "photo": "https://yt3.ggpht.com/xw973Y1LNOonqa1rTs0AIEojwoEk20dqBTOM9girxa0ATdQ4GWD8paQxAl5OyxelF5YoEraK5w=s800-c-k-c0x00ffffff-no-rj",
      "english_name": "Midnight Grand Orchestra"
    },
    "collabs": []
  },
  {
    "id": "GoTj6taJuYk",
    "title": "Igniter",
    "type": "stream",
    "topic_id": "Original_Song",
    "published_at": "2023-12-12T10:00:09.000Z",
    "available_at": "2023-12-12T10:00:09.000Z",
    "duration": 193,
    "status": "past",
    "songcount": 1,
    "original_channel_id": "UCEkx8aE2yjitVQ-5lG-xhGQ",
    "channel": {
      "id": "UCnVbtCwr-5LXxUlGxsgD7sQ",
      "name": "Midnight Grand Orchestra",
      "org": "Hololive",
      "suborg": "w_Misc",
      "type": "vtuber",
      "photo": "https://yt3.ggpht.com/xw973Y1LNOonqa1rTs0AIEojwoEk20dqBTOM9girxa0ATdQ4GWD8paQxAl5OyxelF5YoEraK5w=s800-c-k-c0x00ffffff-no-rj",
      "english_name": "Midnight Grand Orchestra"
    },
    "collabs": []
  },
  {
    "id": "netTUDt5QAk",
    "title": "逆転ロイヤルストレートフラッシュ #shorts",
    "type": "stream",
    "topic_id": "shorts",
    "published_at": "2023-12-08T11:30:17.000Z",
    "available_at": "2023-12-08T11:30:17.000Z",
    "duration": 60,
    "status": "past",
    "mentions": [
      {
        "id": "UC5CwaMl1eIgY8h02uZw7u8A",
        "org": "Hololive",
        "lang": null,
        "name": "Suisei Channel",
        "type": "vtuber",
        "photo": "https://yt3.ggpht.com/ytc/AIdro_kLDBK5ksSvk5-XJ6S8e0kWfjy7mVl3jyUkgDeMQ7rlCpU=s800-c-k-c0x00ffffff-no-rj",
        "suborg": "0x0th Generation",
        "english_name": "Hoshimachi Suisei"
      }
    ],
    "channel": {
      "id": "UCnVbtCwr-5LXxUlGxsgD7sQ",
      "name": "Midnight Grand Orchestra",
      "org": "Hololive",
      "suborg": "w_Misc",
      "type": "vtuber",
      "photo": "https://yt3.ggpht.com/xw973Y1LNOonqa1rTs0AIEojwoEk20dqBTOM9girxa0ATdQ4GWD8paQxAl5OyxelF5YoEraK5w=s800-c-k-c0x00ffffff-no-rj",
      "english_name": "Midnight Grand Orchestra"
    },
    "collabs": [
      {
        "id": "UC5CwaMl1eIgY8h02uZw7u8A",
        "name": "Suisei Channel",
        "duration_seconds": 60
      }
    ]
  },
  {
    "id": "bKcxPWDfPiE",
    "title": "右に罠 左側 裏に3名 #shorts",
    "type": "stream",
    "topic_id": "shorts",
    "published_at": "2023-12-07T11:30:17.000Z",
    "available_at": "2023-12-07T11:30:17.000Z",
    "duration": 33,
    "status": "past",
    "mentions": [
      {
        "id": "UC5CwaMl1eIgY8h02uZw7u8A",
        "org": "Hololive",
        "lang": null,
        "name": "Suisei Channel",
        "type": "vtuber",
        "photo": "https://yt3.ggpht.com/ytc/AIdro_kLDBK5ksSvk5-XJ6S8e0kWfjy7mVl3jyUkgDeMQ7rlCpU=s800-c-k-c0x00ffffff-no-rj",
        "suborg": "0x0th Generation",
        "english_name": "Hoshimachi Suisei"
      }
    ],
    "channel": {
      "id": "UCnVbtCwr-5LXxUlGxsgD7sQ",
      "name": "Midnight Grand Orchestra",
      "org": "Hololive",
      "suborg": "w_Misc",
      "type": "vtuber",
      "photo": "https://yt3.ggpht.com/xw973Y1LNOonqa1rTs0AIEojwoEk20dqBTOM9girxa0ATdQ4GWD8paQxAl5OyxelF5YoEraK5w=s800-c-k-c0x00ffffff-no-rj",
      "english_name": "Midnight Grand Orchestra"
    },
    "collabs": [
      {
        "id": "UC5CwaMl1eIgY8h02uZw7u8A",
        "name": "Suisei Channel",
        "duration_seconds": 33
      }
    ]
  },
  {
    "id": "sDlowaLoYKw",
    "title": "Midnight Grand Orchestra 2nd MINI ALBUM『Starpeggio』Cross fade Movie",
    "type": "stream",
    "topic_id": "Teaser",
    "published_at": "2023-12-07T10:00:43.000Z",
    "available_at": "2023-12-07T10:00:43.000Z",
    "duration": 140,
    "status": "past",
    "mentions": [
      {
        "id": "UC5CwaMl1eIgY8h02uZw7u8A",
        "org": "Hololive",
        "lang": null,
        "name": "Suisei Channel",
        "type": "vtuber",
        "photo": "https://yt3.ggpht.com/ytc/AIdro_kLDBK5ksSvk5-XJ6S8e0kWfjy7mVl3jyUkgDeMQ7rlCpU=s800-c-k-c0x00ffffff-no-rj",
        "suborg": "0x0th Generation",
        "english_name": "Hoshimachi Suisei"
      }
    ],
    "channel": {
      "id": "UCnVbtCwr-5LXxUlGxsgD7sQ",
      "name": "Midnight Grand Orchestra",
      "org": "Hololive",
      "suborg": "w_Misc",
      "type": "vtuber",
      "photo": "https://yt3.ggpht.com/xw973Y1LNOonqa1rTs0AIEojwoEk20dqBTOM9girxa0ATdQ4GWD8paQxAl5OyxelF5YoEraK5w=s800-c-k-c0x00ffffff-no-rj",
      "english_name": "Midnight Grand Orchestra"
    },
    "collabs": [
      {
        "id": "UC5CwaMl1eIgY8h02uZw7u8A",
        "name": "Suisei Channel",
        "duration_seconds": 140
      }
    ]
  },
  {
    "id": "gibLzlM5xco",
    "title": "Midnight Mission #shorts",
    "type": "stream",
    "topic_id": "shorts",
    "published_at": "2023-12-06T11:30:16.000Z",
    "available_at": "2023-12-06T11:30:16.000Z",
    "duration": 33,
    "status": "past",
    "mentions": [
      {
        "id": "UC5CwaMl1eIgY8h02uZw7u8A",
        "org": "Hololive",
        "lang": null,
        "name": "Suisei Channel",
        "type": "vtuber",
        "photo": "https://yt3.ggpht.com/ytc/AIdro_kLDBK5ksSvk5-XJ6S8e0kWfjy7mVl3jyUkgDeMQ7rlCpU=s800-c-k-c0x00ffffff-no-rj",
        "suborg": "0x0th Generation",
        "english_name": "Hoshimachi Suisei"
      }
    ],
    "channel": {
      "id": "UCnVbtCwr-5LXxUlGxsgD7sQ",
      "name": "Midnight Grand Orchestra",
      "org": "Hololive",
      "suborg": "w_Misc",
      "type": "vtuber",
      "photo": "https://yt3.ggpht.com/xw973Y1LNOonqa1rTs0AIEojwoEk20dqBTOM9girxa0ATdQ4GWD8paQxAl5OyxelF5YoEraK5w=s800-c-k-c0x00ffffff-no-rj",
      "english_name": "Midnight Grand Orchestra"
    },
    "collabs": [
      {
        "id": "UC5CwaMl1eIgY8h02uZw7u8A",
        "name": "Suisei Channel",
        "duration_seconds": 33
      }
    ]
  },
  {
    "id": "2kAIq10Uers",
    "title": "この街が今日のターゲット #shorts",
    "type": "stream",
    "topic_id": "shorts",
    "published_at": "2023-12-04T11:00:03.000Z",
    "available_at": "2023-12-04T11:00:03.000Z",
    "duration": 56,
    "status": "past",
    "mentions": [
      {
        "id": "UC5CwaMl1eIgY8h02uZw7u8A",
        "org": "Hololive",
        "lang": null,
        "name": "Suisei Channel",
        "type": "vtuber",
        "photo": "https://yt3.ggpht.com/ytc/AIdro_kLDBK5ksSvk5-XJ6S8e0kWfjy7mVl3jyUkgDeMQ7rlCpU=s800-c-k-c0x00ffffff-no-rj",
        "suborg": "0x0th Generation",
        "english_name": "Hoshimachi Suisei"
      }
    ],
    "channel": {
      "id": "UCnVbtCwr-5LXxUlGxsgD7sQ",
      "name": "Midnight Grand Orchestra",
      "org": "Hololive",
      "suborg": "w_Misc",
      "type": "vtuber",
      "photo": "https://yt3.ggpht.com/xw973Y1LNOonqa1rTs0AIEojwoEk20dqBTOM9girxa0ATdQ4GWD8paQxAl5OyxelF5YoEraK5w=s800-c-k-c0x00ffffff-no-rj",
      "english_name": "Midnight Grand Orchestra"
    },
    "collabs": [
      {
        "id": "UC5CwaMl1eIgY8h02uZw7u8A",
        "name": "Suisei Channel",
        "duration_seconds": 56
      }
    ]
  },
  {
    "id": "h0JrFYBqgEU",
    "title": "Midnight Grand Orchestra『Midnight Mission』Music Video",
    "type": "stream",
    "topic_id": "Original_Song",
    "published_at": "2023-10-25T10:00:10.000Z",
    "available_at": "2023-10-25T10:00:10.000Z",
    "duration": 230,
    "status": "past",
    "songcount": 1,
    "start_scheduled": "2023-10-25T10:00:00.000Z",
    "start_actual": "2023-10-25T10:00:10.000Z",
    "end_actual": "2023-10-25T10:05:56.000Z",
    "live_viewers": 0,
    "mentions": [
      {
        "id": "UC5CwaMl1eIgY8h02uZw7u8A",
        "org": "Hololive",
        "lang": null,
        "name": "Suisei Channel",
        "type": "vtuber",
        "photo": "https://yt3.ggpht.com/ytc/AIdro_kLDBK5ksSvk5-XJ6S8e0kWfjy7mVl3jyUkgDeMQ7rlCpU=s800-c-k-c0x00ffffff-no-rj",
        "suborg": "0x0th Generation",
        "english_name": "Hoshimachi Suisei"
      }
    ],
    "channel": {
      "id": "UCnVbtCwr-5LXxUlGxsgD7sQ",
      "name": "Midnight Grand Orchestra",
      "org": "Hololive",
      "suborg": "w_Misc",
      "type": "vtuber",
      "photo": "https://yt3.ggpht.com/xw973Y1LNOonqa1rTs0AIEojwoEk20dqBTOM9girxa0ATdQ4GWD8paQxAl5OyxelF5YoEraK5w=s800-c-k-c0x00ffffff-no-rj",
      "english_name": "Midnight Grand Orchestra"
    },
    "collabs": [
      {
        "id": "UC5CwaMl1eIgY8h02uZw7u8A",
        "name": "Suisei Channel",
        "duration_seconds": 346
      }
    ]
  },
  {
    "id": "8iZ7Vn21PQA",
    "title": "Midnight Mission",
    "type": "stream",
    "topic_id": "Original_Song",
    "published_at": "2023-10-24T10:00:05.000Z",
    "available_at": "2023-10-24T10:00:05.000Z",
    "duration": 222,
    "status": "past",
    "songcount": 1,
    "original_channel_id": "UCEkx8aE2yjitVQ-5lG-xhGQ",
    "channel": {
      "id": "UCnVbtCwr-5LXxUlGxsgD7sQ",
      "name": "Midnight Grand Orchestra",
      "org": "Hololive",
      "suborg": "w_Misc",
      "type": "vtuber",
      "photo": "https://yt3.ggpht.com/xw973Y1LNOonqa1rTs0AIEojwoEk20dqBTOM9girxa0ATdQ4GWD8paQxAl5OyxelF5YoEraK5w=s800-c-k-c0x00ffffff-no-rj",
      "english_name": "Midnight Grand Orchestra"
    },
    "collabs": []
  },
  {
    "id": "ePF1xmxXeig",
    "title": "君を待つのよ そうよもっと切先を研ぐのよ #shorts",
    "type": "stream",
    "topic_id": "shorts",
    "published_at": "2023-09-29T10:00:35.000Z",
    "available_at": "2023-09-29T10:00:35.000Z",
    "duration": 42,
    "status": "past",
    "mentions": [
      {
        "id": "UC5CwaMl1eIgY8h02uZw7u8A",
        "org": "Hololive",
        "lang": null,
        "name": "Suisei Channel",
        "type": "vtuber",
        "photo": "https://yt3.ggpht.com/ytc/AIdro_kLDBK5ksSvk5-XJ6S8e0kWfjy7mVl3jyUkgDeMQ7rlCpU=s800-c-k-c0x00ffffff-no-rj",
        "suborg": "0x0th Generation",
        "english_name": "Hoshimachi Suisei"
      }
    ],
    "channel": {
      "id": "UCnVbtCwr-5LXxUlGxsgD7sQ",
      "name": "Midnight Grand Orchestra",
      "org": "Hololive",
      "suborg": "w_Misc",
      "type": "vtuber",
      "photo": "https://yt3.ggpht.com/xw973Y1LNOonqa1rTs0AIEojwoEk20dqBTOM9girxa0ATdQ4GWD8paQxAl5OyxelF5YoEraK5w=s800-c-k-c0x00ffffff-no-rj",
      "english_name": "Midnight Grand Orchestra"
    },
    "collabs": [
      {
        "id": "UC5CwaMl1eIgY8h02uZw7u8A",
        "name": "Suisei Channel",
        "duration_seconds": 42
      }
    ]
  },
  {
    "id": "uCiqrO0Vhmg",
    "title": "いきあたりばったりにっこり笑って #shorts",
    "type": "stream",
    "topic_id": "shorts",
    "published_at": "2023-09-27T10:00:51.000Z",
    "available_at": "2023-09-27T10:00:51.000Z",
    "duration": 36,
    "status": "past",
    "mentions": [
      {
        "id": "UC5CwaMl1eIgY8h02uZw7u8A",
        "org": "Hololive",
        "lang": null,
        "name": "Suisei Channel",
        "type": "vtuber",
        "photo": "https://yt3.ggpht.com/ytc/AIdro_kLDBK5ksSvk5-XJ6S8e0kWfjy7mVl3jyUkgDeMQ7rlCpU=s800-c-k-c0x00ffffff-no-rj",
        "suborg": "0x0th Generation",
        "english_name": "Hoshimachi Suisei"
      }
    ],
    "channel": {
      "id": "UCnVbtCwr-5LXxUlGxsgD7sQ",
      "name": "Midnight Grand Orchestra",
      "org": "Hololive",
      "suborg": "w_Misc",
      "type": "vtuber",
      "photo": "https://yt3.ggpht.com/xw973Y1LNOonqa1rTs0AIEojwoEk20dqBTOM9girxa0ATdQ4GWD8paQxAl5OyxelF5YoEraK5w=s800-c-k-c0x00ffffff-no-rj",
      "english_name": "Midnight Grand Orchestra"
    },
    "collabs": [
      {
        "id": "UC5CwaMl1eIgY8h02uZw7u8A",
        "name": "Suisei Channel",
        "duration_seconds": 36
      }
    ]
  },
  {
    "id": "3SOKCozH50M",
    "title": "ぼくはやっぱりさっぱりわかんない #shorts",
    "type": "stream",
    "topic_id": "shorts",
    "published_at": "2023-09-25T10:00:24.000Z",
    "available_at": "2023-09-25T10:00:24.000Z",
    "duration": 29,
    "status": "past",
    "mentions": [
      {
        "id": "UC5CwaMl1eIgY8h02uZw7u8A",
        "org": "Hololive",
        "lang": null,
        "name": "Suisei Channel",
        "type": "vtuber",
        "photo": "https://yt3.ggpht.com/ytc/AIdro_kLDBK5ksSvk5-XJ6S8e0kWfjy7mVl3jyUkgDeMQ7rlCpU=s800-c-k-c0x00ffffff-no-rj",
        "suborg": "0x0th Generation",
        "english_name": "Hoshimachi Suisei"
      }
    ],
    "channel": {
      "id": "UCnVbtCwr-5LXxUlGxsgD7sQ",
      "name": "Midnight Grand Orchestra",
      "org": "Hololive",
      "suborg": "w_Misc",
      "type": "vtuber",
      "photo": "https://yt3.ggpht.com/xw973Y1LNOonqa1rTs0AIEojwoEk20dqBTOM9girxa0ATdQ4GWD8paQxAl5OyxelF5YoEraK5w=s800-c-k-c0x00ffffff-no-rj",
      "english_name": "Midnight Grand Orchestra"
    },
    "collabs": [
      {
        "id": "UC5CwaMl1eIgY8h02uZw7u8A",
        "name": "Suisei Channel",
        "duration_seconds": 29
      }
    ]
  },
  {
    "id": "kX7ldIKFD60",
    "title": "Midnight Grand Orchestra『夜を待つよ』Music Video",
    "type": "stream",
    "topic_id": "Original_Song",
    "published_at": "2023-09-08T10:00:10.000Z",
    "available_at": "2023-09-08T10:00:10.000Z",
    "duration": 245,
    "status": "past",
    "songcount": 1,
    "start_scheduled": "2023-09-08T10:00:00.000Z",
    "start_actual": "2023-09-08T10:00:10.000Z",
    "end_actual": "2023-09-08T10:06:12.000Z",
    "live_viewers": 0,
    "mentions": [
      {
        "id": "UC5CwaMl1eIgY8h02uZw7u8A",
        "org": "Hololive",
        "lang": null,
        "name": "Suisei Channel",
        "type": "vtuber",
        "photo": "https://yt3.ggpht.com/ytc/AIdro_kLDBK5ksSvk5-XJ6S8e0kWfjy7mVl3jyUkgDeMQ7rlCpU=s800-c-k-c0x00ffffff-no-rj",
        "suborg": "0x0th Generation",
        "english_name": "Hoshimachi Suisei"
      }
    ],
    "channel": {
      "id": "UCnVbtCwr-5LXxUlGxsgD7sQ",
      "name": "Midnight Grand Orchestra",
      "org": "Hololive",
      "suborg": "w_Misc",
      "type": "vtuber",
      "photo": "https://yt3.ggpht.com/xw973Y1LNOonqa1rTs0AIEojwoEk20dqBTOM9girxa0ATdQ4GWD8paQxAl5OyxelF5YoEraK5w=s800-c-k-c0x00ffffff-no-rj",
      "english_name": "Midnight Grand Orchestra"
    },
    "collabs": [
      {
        "id": "UC5CwaMl1eIgY8h02uZw7u8A",
        "name": "Suisei Channel",
        "duration_seconds": 362
      }
    ]
  },
  {
    "id": "xBXUT9d-6hw",
    "title": "????!",
    "type": "stream",
    "topic_id": "shorts",
    "published_at": "2023-09-07T12:00:45.000Z",
    "available_at": "2023-09-07T12:00:45.000Z",
    "duration": 16,
    "status": "past",
    "mentions": [
      {
        "id": "UC5CwaMl1eIgY8h02uZw7u8A",
        "org": "Hololive",
        "lang": null,
        "name": "Suisei Channel",
        "type": "vtuber",
        "photo": "https://yt3.ggpht.com/ytc/AIdro_kLDBK5ksSvk5-XJ6S8e0kWfjy7mVl3jyUkgDeMQ7rlCpU=s800-c-k-c0x00ffffff-no-rj",
        "suborg": "0x0th Generation",
        "english_name": "Hoshimachi Suisei"
      }
    ],
    "channel": {
      "id": "UCnVbtCwr-5LXxUlGxsgD7sQ",
      "name": "Midnight Grand Orchestra",
      "org": "Hololive",
      "suborg": "w_Misc",
      "type": "vtuber",
      "photo": "https://yt3.ggpht.com/xw973Y1LNOonqa1rTs0AIEojwoEk20dqBTOM9girxa0ATdQ4GWD8paQxAl5OyxelF5YoEraK5w=s800-c-k-c0x00ffffff-no-rj",
      "english_name": "Midnight Grand Orchestra"
    },
    "collabs": [
      {
        "id": "UC5CwaMl1eIgY8h02uZw7u8A",
        "name": "Suisei Channel",
        "duration_seconds": 16
      }
    ]
  },
  {
    "id": "znIvYGTjoK0",
    "title": "I'll Wait For The Night",
    "type": "stream",
    "topic_id": "Original_Song",
    "published_at": "2023-09-07T10:00:56.000Z",
    "available_at": "2023-09-07T10:00:56.000Z",
    "duration": 246,
    "status": "past",
    "songcount": 1,
    "original_channel_id": "UCEkx8aE2yjitVQ-5lG-xhGQ",
    "channel": {
      "id": "UCnVbtCwr-5LXxUlGxsgD7sQ",
      "name": "Midnight Grand Orchestra",
      "org": "Hololive",
      "suborg": "w_Misc",
      "type": "vtuber",
      "photo": "https://yt3.ggpht.com/xw973Y1LNOonqa1rTs0AIEojwoEk20dqBTOM9girxa0ATdQ4GWD8paQxAl5OyxelF5YoEraK5w=s800-c-k-c0x00ffffff-no-rj",
      "english_name": "Midnight Grand Orchestra"
    },
    "collabs": []
  },
  {
    "id": "4gg6su4afSY",
    "title": "Midnight Grand Orchestra - 1st VIRTUAL LIVE「Overture」- YouTube Music Weekend 7.0",
    "type": "stream",
    "topic_id": "3D_Stream",
    "published_at": "2023-08-25T07:05:07.000Z",
    "available_at": "2023-08-25T07:05:07.000Z",
    "duration": 1195,
    "status": "past",
    "songcount": 5,
    "start_scheduled": "2023-08-25T07:05:00.000Z",
    "start_actual": "2023-08-25T07:05:07.000Z",
    "end_actual": "2023-08-25T07:26:01.000Z",
    "live_viewers": 0,
    "mentions": [
      {
        "id": "UC5CwaMl1eIgY8h02uZw7u8A",
        "org": "Hololive",
        "lang": null,
        "name": "Suisei Channel",
        "type": "vtuber",
        "photo": "https://yt3.ggpht.com/ytc/AIdro_kLDBK5ksSvk5-XJ6S8e0kWfjy7mVl3jyUkgDeMQ7rlCpU=s800-c-k-c0x00ffffff-no-rj",
        "suborg": "0x0th Generation",
        "english_name": "Hoshimachi Suisei"
      }
    ],
    "channel": {
      "id": "UCnVbtCwr-5LXxUlGxsgD7sQ",
      "name": "Midnight Grand Orchestra",
      "org": "Hololive",
      "suborg": "w_Misc",
      "type": "vtuber",
      "photo": "https://yt3.ggpht.com/xw973Y1LNOonqa1rTs0AIEojwoEk20dqBTOM9girxa0ATdQ4GWD8paQxAl5OyxelF5YoEraK5w=s800-c-k-c0x00ffffff-no-rj",
      "english_name": "Midnight Grand Orchestra"
    },
    "collabs": [
      {
        "id": "UC5CwaMl1eIgY8h02uZw7u8A",
        "name": "Suisei Channel",
        "duration_seconds": 1254
      }
    ]
  },
  {
    "id": "2KWwxbP-swk",
    "title": "Midnight Grand Orchestra「Starpeggio」Teaser",
    "type": "stream",
    "topic_id": "Teaser",
    "published_at": "2023-08-21T10:00:01.000Z",
    "available_at": "2023-08-21T10:00:01.000Z",
    "duration": 60,
    "status": "past",
    "mentions": [
      {
        "id": "UC5CwaMl1eIgY8h02uZw7u8A",
        "org": "Hololive",
        "lang": null,
        "name": "Suisei Channel",
        "type": "vtuber",
        "photo": "https://yt3.ggpht.com/ytc/AIdro_kLDBK5ksSvk5-XJ6S8e0kWfjy7mVl3jyUkgDeMQ7rlCpU=s800-c-k-c0x00ffffff-no-rj",
        "suborg": "0x0th Generation",
        "english_name": "Hoshimachi Suisei"
      }
    ],
    "channel": {
      "id": "UCnVbtCwr-5LXxUlGxsgD7sQ",
      "name": "Midnight Grand Orchestra",
      "org": "Hololive",
      "suborg": "w_Misc",
      "type": "vtuber",
      "photo": "https://yt3.ggpht.com/xw973Y1LNOonqa1rTs0AIEojwoEk20dqBTOM9girxa0ATdQ4GWD8paQxAl5OyxelF5YoEraK5w=s800-c-k-c0x00ffffff-no-rj",
      "english_name": "Midnight Grand Orchestra"
    },
    "collabs": [
      {
        "id": "UC5CwaMl1eIgY8h02uZw7u8A",
        "name": "Suisei Channel",
        "duration_seconds": 60
      }
    ]
  },
  {
    "id": "bb2TnCOWXrE",
    "title": "Midnight Grand Orchestra『Rat A Tat』Live Performance Video",
    "type": "stream",
    "topic_id": "Original_Song",
    "published_at": "2023-07-27T10:00:09.000Z",
    "available_at": "2023-07-27T10:00:09.000Z",
    "duration": 230,
    "status": "past",
    "songcount": 1,
    "start_scheduled": "2023-07-27T10:00:00.000Z",
    "start_actual": "2023-07-27T10:00:09.000Z",
    "end_actual": "2023-07-27T10:05:57.000Z",
    "live_viewers": 0,
    "mentions": [
      {
        "id": "UC5CwaMl1eIgY8h02uZw7u8A",
        "org": "Hololive",
        "lang": null,
        "name": "Suisei Channel",
        "type": "vtuber",
        "photo": "https://yt3.ggpht.com/ytc/AIdro_kLDBK5ksSvk5-XJ6S8e0kWfjy7mVl3jyUkgDeMQ7rlCpU=s800-c-k-c0x00ffffff-no-rj",
        "suborg": "0x0th Generation",
        "english_name": "Hoshimachi Suisei"
      }
    ],
    "channel": {
      "id": "UCnVbtCwr-5LXxUlGxsgD7sQ",
      "name": "Midnight Grand Orchestra",
      "org": "Hololive",
      "suborg": "w_Misc",
      "type": "vtuber",
      "photo": "https://yt3.ggpht.com/xw973Y1LNOonqa1rTs0AIEojwoEk20dqBTOM9girxa0ATdQ4GWD8paQxAl5OyxelF5YoEraK5w=s800-c-k-c0x00ffffff-no-rj",
      "english_name": "Midnight Grand Orchestra"
    },
    "collabs": [
      {
        "id": "UC5CwaMl1eIgY8h02uZw7u8A",
        "name": "Suisei Channel",
        "duration_seconds": 348
      }
    ]
  },
  {
    "id": "V1fF9S39_4U",
    "title": "Midnight Grand Orchestra 1st LIVE「Overture」Blu-ray&DVD Teaser Movie",
    "type": "stream",
    "topic_id": "Teaser",
    "published_at": "2023-03-22T12:22:42.000Z",
    "available_at": "2023-03-22T12:22:42.000Z",
    "duration": 92,
    "status": "past",
    "mentions": [
      {
        "id": "UC5CwaMl1eIgY8h02uZw7u8A",
        "org": "Hololive",
        "lang": null,
        "name": "Suisei Channel",
        "type": "vtuber",
        "photo": "https://yt3.ggpht.com/ytc/AIdro_kLDBK5ksSvk5-XJ6S8e0kWfjy7mVl3jyUkgDeMQ7rlCpU=s800-c-k-c0x00ffffff-no-rj",
        "suborg": "0x0th Generation",
        "english_name": "Hoshimachi Suisei"
      }
    ],
    "channel": {
      "id": "UCnVbtCwr-5LXxUlGxsgD7sQ",
      "name": "Midnight Grand Orchestra",
      "org": "Hololive",
      "suborg": "w_Misc",
      "type": "vtuber",
      "photo": "https://yt3.ggpht.com/xw973Y1LNOonqa1rTs0AIEojwoEk20dqBTOM9girxa0ATdQ4GWD8paQxAl5OyxelF5YoEraK5w=s800-c-k-c0x00ffffff-no-rj",
      "english_name": "Midnight Grand Orchestra"
    },
    "collabs": [
      {
        "id": "UC5CwaMl1eIgY8h02uZw7u8A",
        "name": "Suisei Channel",
        "duration_seconds": 92
      }
    ]
  },
  {
    "id": "NI8KqzCvFsc",
    "title": "Midnight Grand Orchestra『Moonlightspeed 』Music Video",
    "type": "stream",
    "topic_id": "Original_Song",
    "published_at": "2022-09-16T10:00:10.000Z",
    "available_at": "2022-09-16T10:00:10.000Z",
    "duration": 205,
    "status": "past",
    "songcount": 1,
    "start_scheduled": "2022-09-16T10:00:00.000Z",
    "start_actual": "2022-09-16T10:00:10.000Z",
    "end_actual": "2022-09-16T10:05:30.000Z",
    "live_viewers": 0,
    "mentions": [
      {
        "id": "UC5CwaMl1eIgY8h02uZw7u8A",
        "org": "Hololive",
        "lang": null,
        "name": "Suisei Channel",
        "type": "vtuber",
        "photo": "https://yt3.ggpht.com/ytc/AIdro_kLDBK5ksSvk5-XJ6S8e0kWfjy7mVl3jyUkgDeMQ7rlCpU=s800-c-k-c0x00ffffff-no-rj",
        "suborg": "0x0th Generation",
        "english_name": "Hoshimachi Suisei"
      }
    ],
    "channel": {
      "id": "UCnVbtCwr-5LXxUlGxsgD7sQ",
      "name": "Midnight Grand Orchestra",
      "org": "Hololive",
      "suborg": "w_Misc",
      "type": "vtuber",
      "photo": "https://yt3.ggpht.com/xw973Y1LNOonqa1rTs0AIEojwoEk20dqBTOM9girxa0ATdQ4GWD8paQxAl5OyxelF5YoEraK5w=s800-c-k-c0x00ffffff-no-rj",
      "english_name": "Midnight Grand Orchestra"
    },
    "collabs": [
      {
        "id": "UC5CwaMl1eIgY8h02uZw7u8A",
        "name": "Suisei Channel",
        "duration_seconds": 320
      }
    ]
  },
  {
    "id": "T6WutYaXYSQ",
    "title": "Moonlightspeed",
    "type": "stream",
    "topic_id": "Original_Song",
    "published_at": "2022-09-13T10:06:11.000Z",
    "available_at": "2022-09-13T10:06:11.000Z",
    "duration": 190,
    "status": "past",
    "songcount": 1,
    "original_channel_id": "UCEkx8aE2yjitVQ-5lG-xhGQ",
    "channel": {
      "id": "UCnVbtCwr-5LXxUlGxsgD7sQ",
      "name": "Midnight Grand Orchestra",
      "org": "Hololive",
      "suborg": "w_Misc",
      "type": "vtuber",
      "photo": "https://yt3.ggpht.com/xw973Y1LNOonqa1rTs0AIEojwoEk20dqBTOM9girxa0ATdQ4GWD8paQxAl5OyxelF5YoEraK5w=s800-c-k-c0x00ffffff-no-rj",
      "english_name": "Midnight Grand Orchestra"
    },
    "collabs": []
  },
  {
    "id": "rn7GUxc4UN8",
    "title": "Midnight Grand Orchestra 1st LIVE『Overture』同時視聴会",
    "type": "stream",
    "topic_id": "watchalong",
    "published_at": "2022-09-03T13:06:31.000Z",
    "available_at": "2022-09-03T11:50:07.000Z",
    "duration": 4204,
    "status": "past",
    "start_scheduled": "2022-09-03T12:00:00.000Z",
    "start_actual": "2022-09-03T11:50:07.000Z",
    "end_actual": "2022-09-03T13:00:03.000Z",
    "live_viewers": 0,
    "mentions": [
      {
        "id": "UC5CwaMl1eIgY8h02uZw7u8A",
        "org": "Hololive",
        "lang": null,
        "name": "Suisei Channel",
        "type": "vtuber",
        "photo": "https://yt3.ggpht.com/ytc/AIdro_kLDBK5ksSvk5-XJ6S8e0kWfjy7mVl3jyUkgDeMQ7rlCpU=s800-c-k-c0x00ffffff-no-rj",
        "suborg": "0x0th Generation",
        "english_name": "Hoshimachi Suisei"
      }
    ],
    "channel": {
      "id": "UCnVbtCwr-5LXxUlGxsgD7sQ",
      "name": "Midnight Grand Orchestra",
      "org": "Hololive",
      "suborg": "w_Misc",
      "type": "vtuber",
      "photo": "https://yt3.ggpht.com/xw973Y1LNOonqa1rTs0AIEojwoEk20dqBTOM9girxa0ATdQ4GWD8paQxAl5OyxelF5YoEraK5w=s800-c-k-c0x00ffffff-no-rj",
      "english_name": "Midnight Grand Orchestra"
    },
    "collabs": [
      {
        "id": "UC5CwaMl1eIgY8h02uZw7u8A",
        "name": "Suisei Channel",
        "duration_seconds": 4196
      }
    ]
  },
  {
    "id": "xGmLTzXPNdk",
    "title": "Midnight Grand Orchestra 1st LIVE『Overture』【冒頭無料配信】",
    "type": "stream",
    "topic_id": "3D_Stream",
    "published_at": "2022-08-20T10:47:28.000Z",
    "available_at": "2022-08-20T09:30:08.000Z",
    "duration": 655,
    "status": "past",
    "songcount": 2,
    "start_scheduled": "2022-08-20T09:30:00.000Z",
    "start_actual": "2022-08-20T09:30:08.000Z",
    "end_actual": "2022-08-20T10:43:59.000Z",
    "live_viewers": 0,
    "mentions": [
      {
        "id": "UC5CwaMl1eIgY8h02uZw7u8A",
        "org": "Hololive",
        "lang": null,
        "name": "Suisei Channel",
        "type": "vtuber",
        "photo": "https://yt3.ggpht.com/ytc/AIdro_kLDBK5ksSvk5-XJ6S8e0kWfjy7mVl3jyUkgDeMQ7rlCpU=s800-c-k-c0x00ffffff-no-rj",
        "suborg": "0x0th Generation",
        "english_name": "Hoshimachi Suisei"
      }
    ],
    "channel": {
      "id": "UCnVbtCwr-5LXxUlGxsgD7sQ",
      "name": "Midnight Grand Orchestra",
      "org": "Hololive",
      "suborg": "w_Misc",
      "type": "vtuber",
      "photo": "https://yt3.ggpht.com/xw973Y1LNOonqa1rTs0AIEojwoEk20dqBTOM9girxa0ATdQ4GWD8paQxAl5OyxelF5YoEraK5w=s800-c-k-c0x00ffffff-no-rj",
      "english_name": "Midnight Grand Orchestra"
    },
    "collabs": [
      {
        "id": "UC5CwaMl1eIgY8h02uZw7u8A",
        "name": "Suisei Channel",
        "duration_seconds": 4431
      }
    ]
  },
  {
    "id": "FJwcolO0-_E",
    "title": "『SOS』Dance Movie #Shorts",
    "type": "stream",
    "topic_id": "shorts",
    "published_at": "2022-08-12T10:50:01.000Z",
    "available_at": "2022-08-12T10:50:01.000Z",
    "duration": 48,
    "status": "past",
    "mentions": [
      {
        "id": "UC5CwaMl1eIgY8h02uZw7u8A",
        "org": "Hololive",
        "lang": null,
        "name": "Suisei Channel",
        "type": "vtuber",
        "photo": "https://yt3.ggpht.com/ytc/AIdro_kLDBK5ksSvk5-XJ6S8e0kWfjy7mVl3jyUkgDeMQ7rlCpU=s800-c-k-c0x00ffffff-no-rj",
        "suborg": "0x0th Generation",
        "english_name": "Hoshimachi Suisei"
      }
    ],
    "channel": {
      "id": "UCnVbtCwr-5LXxUlGxsgD7sQ",
      "name": "Midnight Grand Orchestra",
      "org": "Hololive",
      "suborg": "w_Misc",
      "type": "vtuber",
      "photo": "https://yt3.ggpht.com/xw973Y1LNOonqa1rTs0AIEojwoEk20dqBTOM9girxa0ATdQ4GWD8paQxAl5OyxelF5YoEraK5w=s800-c-k-c0x00ffffff-no-rj",
      "english_name": "Midnight Grand Orchestra"
    },
    "collabs": [
      {
        "id": "UC5CwaMl1eIgY8h02uZw7u8A",
        "name": "Suisei Channel",
        "duration_seconds": 48
      }
    ]
  },
  {
    "id": "wO0BGKpLp9U",
    "title": "Midnight Grand Orchestra 1st LIVE「Overture」Teaser II",
    "type": "stream",
    "topic_id": "Teaser",
    "published_at": "2022-08-08T11:00:11.000Z",
    "available_at": "2022-08-08T11:00:11.000Z",
    "duration": 36,
    "status": "past",
    "start_scheduled": "2022-08-08T11:00:00.000Z",
    "start_actual": "2022-08-08T11:00:11.000Z",
    "end_actual": "2022-08-08T11:02:41.000Z",
    "live_viewers": 0,
    "mentions": [
      {
        "id": "UC5CwaMl1eIgY8h02uZw7u8A",
        "org": "Hololive",
        "lang": null,
        "name": "Suisei Channel",
        "type": "vtuber",
        "photo": "https://yt3.ggpht.com/ytc/AIdro_kLDBK5ksSvk5-XJ6S8e0kWfjy7mVl3jyUkgDeMQ7rlCpU=s800-c-k-c0x00ffffff-no-rj",
        "suborg": "0x0th Generation",
        "english_name": "Hoshimachi Suisei"
      }
    ],
    "channel": {
      "id": "UCnVbtCwr-5LXxUlGxsgD7sQ",
      "name": "Midnight Grand Orchestra",
      "org": "Hololive",
      "suborg": "w_Misc",
      "type": "vtuber",
      "photo": "https://yt3.ggpht.com/xw973Y1LNOonqa1rTs0AIEojwoEk20dqBTOM9girxa0ATdQ4GWD8paQxAl5OyxelF5YoEraK5w=s800-c-k-c0x00ffffff-no-rj",
      "english_name": "Midnight Grand Orchestra"
    },
    "collabs": [
      {
        "id": "UC5CwaMl1eIgY8h02uZw7u8A",
        "name": "Suisei Channel",
        "duration_seconds": 150
      }
    ]
  },
  {
    "id": "hjepvLX-Gfs",
    "title": "Ryuseigun",
    "type": "stream",
    "topic_id": "Original_Song",
    "published_at": "2022-07-26T10:09:29.000Z",
    "available_at": "2022-07-26T10:09:29.000Z",
    "duration": 280,
    "status": "past",
    "songcount": 1,
    "original_channel_id": "UCEkx8aE2yjitVQ-5lG-xhGQ",
    "channel": {
      "id": "UCnVbtCwr-5LXxUlGxsgD7sQ",
      "name": "Midnight Grand Orchestra",
      "org": "Hololive",
      "suborg": "w_Misc",
      "type": "vtuber",
      "photo": "https://yt3.ggpht.com/xw973Y1LNOonqa1rTs0AIEojwoEk20dqBTOM9girxa0ATdQ4GWD8paQxAl5OyxelF5YoEraK5w=s800-c-k-c0x00ffffff-no-rj",
      "english_name": "Midnight Grand Orchestra"
    },
    "collabs": []
  },
  {
    "id": "w15VxfqKf3M",
    "title": "SOS",
    "type": "stream",
    "topic_id": "Original_Song",
    "published_at": "2022-07-26T10:09:09.000Z",
    "available_at": "2022-07-26T10:09:09.000Z",
    "duration": 222,
    "status": "past",
    "songcount": 1,
    "original_channel_id": "UCEkx8aE2yjitVQ-5lG-xhGQ",
    "channel": {
      "id": "UCnVbtCwr-5LXxUlGxsgD7sQ",
      "name": "Midnight Grand Orchestra",
      "org": "Hololive",
      "suborg": "w_Misc",
      "type": "vtuber",
      "photo": "https://yt3.ggpht.com/xw973Y1LNOonqa1rTs0AIEojwoEk20dqBTOM9girxa0ATdQ4GWD8paQxAl5OyxelF5YoEraK5w=s800-c-k-c0x00ffffff-no-rj",
      "english_name": "Midnight Grand Orchestra"
    },
    "collabs": []
  },
  {
    "id": "AtF2T6u8YEU",
    "title": "Tuning (Interlude)",
    "type": "stream",
    "topic_id": "Original_Song",
    "published_at": "2022-07-26T10:08:32.000Z",
    "available_at": "2022-07-26T10:08:32.000Z",
    "duration": 79,
    "status": "past",
    "songcount": 1,
    "original_channel_id": "UCEkx8aE2yjitVQ-5lG-xhGQ",
    "channel": {
      "id": "UCnVbtCwr-5LXxUlGxsgD7sQ",
      "name": "Midnight Grand Orchestra",
      "org": "Hololive",
      "suborg": "w_Misc",
      "type": "vtuber",
      "photo": "https://yt3.ggpht.com/xw973Y1LNOonqa1rTs0AIEojwoEk20dqBTOM9girxa0ATdQ4GWD8paQxAl5OyxelF5YoEraK5w=s800-c-k-c0x00ffffff-no-rj",
      "english_name": "Midnight Grand Orchestra"
    },
    "collabs": []
  },
  {
    "id": "f9K_n8X4g68",
    "title": "Allegro",
    "type": "stream",
    "topic_id": "Original_Song",
    "published_at": "2022-07-26T10:05:20.000Z",
    "available_at": "2022-07-26T10:05:20.000Z",
    "duration": 207,
    "status": "past",
    "songcount": 1,
    "original_channel_id": "UCEkx8aE2yjitVQ-5lG-xhGQ",
    "channel": {
      "id": "UCnVbtCwr-5LXxUlGxsgD7sQ",
      "name": "Midnight Grand Orchestra",
      "org": "Hololive",
      "suborg": "w_Misc",
      "type": "vtuber",
      "photo": "https://yt3.ggpht.com/xw973Y1LNOonqa1rTs0AIEojwoEk20dqBTOM9girxa0ATdQ4GWD8paQxAl5OyxelF5YoEraK5w=s800-c-k-c0x00ffffff-no-rj",
      "english_name": "Midnight Grand Orchestra"
    },
    "collabs": []
  },
  {
    "id": "RCxElILN4ws",
    "title": "Rat A Tat",
    "type": "stream",
    "topic_id": "Original_Song",
    "published_at": "2022-07-26T10:02:24.000Z",
    "available_at": "2022-07-26T10:02:24.000Z",
    "duration": 224,
    "status": "past",
    "songcount": 1,
    "original_channel_id": "UCEkx8aE2yjitVQ-5lG-xhGQ",
    "channel": {
      "id": "UCnVbtCwr-5LXxUlGxsgD7sQ",
      "name": "Midnight Grand Orchestra",
      "org": "Hololive",
      "suborg": "w_Misc",
      "type": "vtuber",
      "photo": "https://yt3.ggpht.com/xw973Y1LNOonqa1rTs0AIEojwoEk20dqBTOM9girxa0ATdQ4GWD8paQxAl5OyxelF5YoEraK5w=s800-c-k-c0x00ffffff-no-rj",
      "english_name": "Midnight Grand Orchestra"
    },
    "collabs": []
  },
  {
    "id": "GIpKu5ccmow",
    "title": "Highway",
    "type": "stream",
    "topic_id": "Original_Song",
    "published_at": "2022-07-26T10:02:10.000Z",
    "available_at": "2022-07-26T10:02:10.000Z",
    "duration": 245,
    "status": "past",
    "songcount": 1,
    "original_channel_id": "UCEkx8aE2yjitVQ-5lG-xhGQ",
    "channel": {
      "id": "UCnVbtCwr-5LXxUlGxsgD7sQ",
      "name": "Midnight Grand Orchestra",
      "org": "Hololive",
      "suborg": "w_Misc",
      "type": "vtuber",
      "photo": "https://yt3.ggpht.com/xw973Y1LNOonqa1rTs0AIEojwoEk20dqBTOM9girxa0ATdQ4GWD8paQxAl5OyxelF5YoEraK5w=s800-c-k-c0x00ffffff-no-rj",
      "english_name": "Midnight Grand Orchestra"
    },
    "collabs": []
  },
  {
    "id": "dgXrJqaEWc8",
    "title": "Never Ending Midnights",
    "type": "stream",
    "topic_id": "Original_Song",
    "published_at": "2022-07-26T10:01:46.000Z",
    "available_at": "2022-07-26T10:01:46.000Z",
    "duration": 187,
    "status": "past",
    "songcount": 1,
    "original_channel_id": "UCEkx8aE2yjitVQ-5lG-xhGQ",
    "channel": {
      "id": "UCnVbtCwr-5LXxUlGxsgD7sQ",
      "name": "Midnight Grand Orchestra",
      "org": "Hololive",
      "suborg": "w_Misc",
      "type": "vtuber",
      "photo": "https://yt3.ggpht.com/xw973Y1LNOonqa1rTs0AIEojwoEk20dqBTOM9girxa0ATdQ4GWD8paQxAl5OyxelF5YoEraK5w=s800-c-k-c0x00ffffff-no-rj",
      "english_name": "Midnight Grand Orchestra"
    },
    "collabs": []
  },
  {
    "id": "PzPON3KPHwQ",
    "title": "Midnight Grand Orchestra 1st LIVE『Overture』Teaser",
    "type": "stream",
    "topic_id": "Teaser",
    "published_at": "2022-07-13T10:00:13.000Z",
    "available_at": "2022-07-13T10:00:13.000Z",
    "duration": 38,
    "status": "past",
    "mentions": [
      {
        "id": "UC5CwaMl1eIgY8h02uZw7u8A",
        "org": "Hololive",
        "lang": null,
        "name": "Suisei Channel",
        "type": "vtuber",
        "photo": "https://yt3.ggpht.com/ytc/AIdro_kLDBK5ksSvk5-XJ6S8e0kWfjy7mVl3jyUkgDeMQ7rlCpU=s800-c-k-c0x00ffffff-no-rj",
        "suborg": "0x0th Generation",
        "english_name": "Hoshimachi Suisei"
      }
    ],
    "channel": {
      "id": "UCnVbtCwr-5LXxUlGxsgD7sQ",
      "name": "Midnight Grand Orchestra",
      "org": "Hololive",
      "suborg": "w_Misc",
      "type": "vtuber",
      "photo": "https://yt3.ggpht.com/xw973Y1LNOonqa1rTs0AIEojwoEk20dqBTOM9girxa0ATdQ4GWD8paQxAl5OyxelF5YoEraK5w=s800-c-k-c0x00ffffff-no-rj",
      "english_name": "Midnight Grand Orchestra"
    },
    "collabs": [
      {
        "id": "UC5CwaMl1eIgY8h02uZw7u8A",
        "name": "Suisei Channel",
        "duration_seconds": 38
      }
    ]
  },
  {
    "id": "5qwPLurdPsk",
    "title": "Midnight Grand Orchestra『Highway』Music Video",
    "type": "stream",
    "topic_id": "Original_Song",
    "published_at": "2022-07-13T10:00:09.000Z",
    "available_at": "2022-07-13T10:00:09.000Z",
    "duration": 250,
    "status": "past",
    "songcount": 1,
    "start_scheduled": "2022-07-13T10:00:00.000Z",
    "start_actual": "2022-07-13T10:00:09.000Z",
    "end_actual": "2022-07-13T10:06:15.000Z",
    "live_viewers": 0,
    "mentions": [
      {
        "id": "UC5CwaMl1eIgY8h02uZw7u8A",
        "org": "Hololive",
        "lang": null,
        "name": "Suisei Channel",
        "type": "vtuber",
        "photo": "https://yt3.ggpht.com/ytc/AIdro_kLDBK5ksSvk5-XJ6S8e0kWfjy7mVl3jyUkgDeMQ7rlCpU=s800-c-k-c0x00ffffff-no-rj",
        "suborg": "0x0th Generation",
        "english_name": "Hoshimachi Suisei"
      }
    ],
    "channel": {
      "id": "UCnVbtCwr-5LXxUlGxsgD7sQ",
      "name": "Midnight Grand Orchestra",
      "org": "Hololive",
      "suborg": "w_Misc",
      "type": "vtuber",
      "photo": "https://yt3.ggpht.com/xw973Y1LNOonqa1rTs0AIEojwoEk20dqBTOM9girxa0ATdQ4GWD8paQxAl5OyxelF5YoEraK5w=s800-c-k-c0x00ffffff-no-rj",
      "english_name": "Midnight Grand Orchestra"
    },
    "collabs": [
      {
        "id": "UC5CwaMl1eIgY8h02uZw7u8A",
        "name": "Suisei Channel",
        "duration_seconds": 366
      }
    ]
  },
  {
    "id": "0YBJlm9gsYw",
    "title": "Highway",
    "type": "stream",
    "topic_id": "Original_Song",
    "published_at": "2022-07-12T10:06:52.000Z",
    "available_at": "2022-07-12T10:06:52.000Z",
    "duration": 245,
    "status": "past",
    "songcount": 1,
    "original_channel_id": "UCEkx8aE2yjitVQ-5lG-xhGQ",
    "channel": {
      "id": "UCnVbtCwr-5LXxUlGxsgD7sQ",
      "name": "Midnight Grand Orchestra",
      "org": "Hololive",
      "suborg": "w_Misc",
      "type": "vtuber",
      "photo": "https://yt3.ggpht.com/xw973Y1LNOonqa1rTs0AIEojwoEk20dqBTOM9girxa0ATdQ4GWD8paQxAl5OyxelF5YoEraK5w=s800-c-k-c0x00ffffff-no-rj",
      "english_name": "Midnight Grand Orchestra"
    },
    "collabs": []
  },
  {
    "id": "HLnIjq_gfiQ",
    "title": "『Overture』Cross fade Movie",
    "type": "stream",
    "topic_id": "Teaser",
    "published_at": "2022-06-21T10:00:11.000Z",
    "available_at": "2022-06-21T10:00:11.000Z",
    "duration": 140,
    "status": "past",
    "start_scheduled": "2022-06-21T10:00:00.000Z",
    "start_actual": "2022-06-21T10:00:11.000Z",
    "end_actual": "2022-06-21T10:03:26.000Z",
    "live_viewers": 0,
    "mentions": [
      {
        "id": "UC5CwaMl1eIgY8h02uZw7u8A",
        "org": "Hololive",
        "lang": null,
        "name": "Suisei Channel",
        "type": "vtuber",
        "photo": "https://yt3.ggpht.com/ytc/AIdro_kLDBK5ksSvk5-XJ6S8e0kWfjy7mVl3jyUkgDeMQ7rlCpU=s800-c-k-c0x00ffffff-no-rj",
        "suborg": "0x0th Generation",
        "english_name": "Hoshimachi Suisei"
      }
    ],
    "channel": {
      "id": "UCnVbtCwr-5LXxUlGxsgD7sQ",
      "name": "Midnight Grand Orchestra",
      "org": "Hololive",
      "suborg": "w_Misc",
      "type": "vtuber",
      "photo": "https://yt3.ggpht.com/xw973Y1LNOonqa1rTs0AIEojwoEk20dqBTOM9girxa0ATdQ4GWD8paQxAl5OyxelF5YoEraK5w=s800-c-k-c0x00ffffff-no-rj",
      "english_name": "Midnight Grand Orchestra"
    },
    "collabs": [
      {
        "id": "UC5CwaMl1eIgY8h02uZw7u8A",
        "name": "Suisei Channel",
        "duration_seconds": 195
      }
    ]
  },
  {
    "id": "F5cE8HqZXSM",
    "title": "Midnight Grand Orchestra「Overture」Teaser",
    "type": "stream",
    "topic_id": "Teaser",
    "published_at": "2022-04-28T09:00:10.000Z",
    "available_at": "2022-04-28T09:00:10.000Z",
    "duration": 44,
    "status": "past",
    "mentions": [
      {
        "id": "UC5CwaMl1eIgY8h02uZw7u8A",
        "org": "Hololive",
        "lang": null,
        "name": "Suisei Channel",
        "type": "vtuber",
        "photo": "https://yt3.ggpht.com/ytc/AIdro_kLDBK5ksSvk5-XJ6S8e0kWfjy7mVl3jyUkgDeMQ7rlCpU=s800-c-k-c0x00ffffff-no-rj",
        "suborg": "0x0th Generation",
        "english_name": "Hoshimachi Suisei"
      }
    ],
    "channel": {
      "id": "UCnVbtCwr-5LXxUlGxsgD7sQ",
      "name": "Midnight Grand Orchestra",
      "org": "Hololive",
      "suborg": "w_Misc",
      "type": "vtuber",
      "photo": "https://yt3.ggpht.com/xw973Y1LNOonqa1rTs0AIEojwoEk20dqBTOM9girxa0ATdQ4GWD8paQxAl5OyxelF5YoEraK5w=s800-c-k-c0x00ffffff-no-rj",
      "english_name": "Midnight Grand Orchestra"
    },
    "collabs": [
      {
        "id": "UC5CwaMl1eIgY8h02uZw7u8A",
        "name": "Suisei Channel",
        "duration_seconds": 44
      }
    ]
  },
  {
    "id": "gjQugctqXt0",
    "title": "Midnight Grand Orchestra「SOS」MUSIC VIDEO",
    "type": "stream",
    "topic_id": "Original_Song",
    "published_at": "2022-04-12T15:00:11.000Z",
    "available_at": "2022-04-12T15:00:11.000Z",
    "duration": 242,
    "status": "past",
    "songcount": 1,
    "start_scheduled": "2022-04-12T15:00:00.000Z",
    "start_actual": "2022-04-12T15:00:11.000Z",
    "end_actual": "2022-04-12T15:05:07.000Z",
    "live_viewers": 0,
    "mentions": [
      {
        "id": "UC5CwaMl1eIgY8h02uZw7u8A",
        "org": "Hololive",
        "lang": null,
        "name": "Suisei Channel",
        "type": "vtuber",
        "photo": "https://yt3.ggpht.com/ytc/AIdro_kLDBK5ksSvk5-XJ6S8e0kWfjy7mVl3jyUkgDeMQ7rlCpU=s800-c-k-c0x00ffffff-no-rj",
        "suborg": "0x0th Generation",
        "english_name": "Hoshimachi Suisei"
      }
    ],
    "channel": {
      "id": "UCnVbtCwr-5LXxUlGxsgD7sQ",
      "name": "Midnight Grand Orchestra",
      "org": "Hololive",
      "suborg": "w_Misc",
      "type": "vtuber",
      "photo": "https://yt3.ggpht.com/xw973Y1LNOonqa1rTs0AIEojwoEk20dqBTOM9girxa0ATdQ4GWD8paQxAl5OyxelF5YoEraK5w=s800-c-k-c0x00ffffff-no-rj",
      "english_name": "Midnight Grand Orchestra"
    },
    "collabs": [
      {
        "id": "UC5CwaMl1eIgY8h02uZw7u8A",
        "name": "Suisei Channel",
        "duration_seconds": 296
      }
    ]
  },
  {
    "id": "5NRLyIiDds0",
    "title": "SOS",
    "type": "stream",
    "topic_id": "Original_Song",
    "published_at": "2022-04-12T10:08:36.000Z",
    "available_at": "2022-04-12T10:08:36.000Z",
    "duration": 222,
    "status": "past",
    "songcount": 1,
    "original_channel_id": "UCEkx8aE2yjitVQ-5lG-xhGQ",
    "channel": {
      "id": "UCnVbtCwr-5LXxUlGxsgD7sQ",
      "name": "Midnight Grand Orchestra",
      "org": "Hololive",
      "suborg": "w_Misc",
      "type": "vtuber",
      "photo": "https://yt3.ggpht.com/xw973Y1LNOonqa1rTs0AIEojwoEk20dqBTOM9girxa0ATdQ4GWD8paQxAl5OyxelF5YoEraK5w=s800-c-k-c0x00ffffff-no-rj",
      "english_name": "Midnight Grand Orchestra"
    },
    "collabs": []
  },
  {
    "id": "sCxhs5NCY6w",
    "title": "Midnight Grand Orchestra Teaser",
    "type": "stream",
    "topic_id": "Teaser",
    "published_at": "2022-04-06T09:04:33.000Z",
    "available_at": "2022-04-06T09:04:33.000Z",
    "duration": 20,
    "status": "past",
    "mentions": [
      {
        "id": "UC5CwaMl1eIgY8h02uZw7u8A",
        "org": "Hololive",
        "lang": null,
        "name": "Suisei Channel",
        "type": "vtuber",
        "photo": "https://yt3.ggpht.com/ytc/AIdro_kLDBK5ksSvk5-XJ6S8e0kWfjy7mVl3jyUkgDeMQ7rlCpU=s800-c-k-c0x00ffffff-no-rj",
        "suborg": "0x0th Generation",
        "english_name": "Hoshimachi Suisei"
      }
    ],
    "channel": {
      "id": "UCnVbtCwr-5LXxUlGxsgD7sQ",
      "name": "Midnight Grand Orchestra",
      "org": "Hololive",
      "suborg": "w_Misc",
      "type": "vtuber",
      "photo": "https://yt3.ggpht.com/xw973Y1LNOonqa1rTs0AIEojwoEk20dqBTOM9girxa0ATdQ4GWD8paQxAl5OyxelF5YoEraK5w=s800-c-k-c0x00ffffff-no-rj",
      "english_name": "Midnight Grand Orchestra"
    },
    "collabs": [
      {
        "id": "UC5CwaMl1eIgY8h02uZw7u8A",
        "name": "Suisei Channel",
        "duration_seconds": 20
      }
    ]
  },
  {
    "id": "IbyDQoXBlbk",
    "title": "Midnight Grand Orchestra Teaser",
    "type": "stream",
    "topic_id": "Teaser",
    "published_at": "2022-03-31T13:00:16.000Z",
    "available_at": "2022-03-31T13:00:16.000Z",
    "duration": 55,
    "status": "past",
    "mentions": [
      {
        "id": "UC5CwaMl1eIgY8h02uZw7u8A",
        "org": "Hololive",
        "lang": null,
        "name": "Suisei Channel",
        "type": "vtuber",
        "photo": "https://yt3.ggpht.com/ytc/AIdro_kLDBK5ksSvk5-XJ6S8e0kWfjy7mVl3jyUkgDeMQ7rlCpU=s800-c-k-c0x00ffffff-no-rj",
        "suborg": "0x0th Generation",
        "english_name": "Hoshimachi Suisei"
      }
    ],
    "channel": {
      "id": "UCnVbtCwr-5LXxUlGxsgD7sQ",
      "name": "Midnight Grand Orchestra",
      "org": "Hololive",
      "suborg": "w_Misc",
      "type": "vtuber",
      "photo": "https://yt3.ggpht.com/xw973Y1LNOonqa1rTs0AIEojwoEk20dqBTOM9girxa0ATdQ4GWD8paQxAl5OyxelF5YoEraK5w=s800-c-k-c0x00ffffff-no-rj",
      "english_name": "Midnight Grand Orchestra"
    },
    "collabs": [
      {
        "id": "UC5CwaMl1eIgY8h02uZw7u8A",
        "name": "Suisei Channel",
        "duration_seconds": 55
      }
    ]
  },
  {
    "id": "FBJF9GiFfNM",
    "title": "Teaser Movie",
    "type": "stream",
    "topic_id": "Teaser",
    "published_at": "2022-03-30T09:32:36.000Z",
    "available_at": "2022-03-30T09:32:36.000Z",
    "duration": 18,
    "status": "past",
    "mentions": [
      {
        "id": "UC5CwaMl1eIgY8h02uZw7u8A",
        "org": "Hololive",
        "lang": null,
        "name": "Suisei Channel",
        "type": "vtuber",
        "photo": "https://yt3.ggpht.com/ytc/AIdro_kLDBK5ksSvk5-XJ6S8e0kWfjy7mVl3jyUkgDeMQ7rlCpU=s800-c-k-c0x00ffffff-no-rj",
        "suborg": "0x0th Generation",
        "english_name": "Hoshimachi Suisei"
      }
    ],
    "channel": {
      "id": "UCnVbtCwr-5LXxUlGxsgD7sQ",
      "name": "Midnight Grand Orchestra",
      "org": "Hololive",
      "suborg": "w_Misc",
      "type": "vtuber",
      "photo": "https://yt3.ggpht.com/xw973Y1LNOonqa1rTs0AIEojwoEk20dqBTOM9girxa0ATdQ4GWD8paQxAl5OyxelF5YoEraK5w=s800-c-k-c0x00ffffff-no-rj",
      "english_name": "Midnight Grand Orchestra"
    },
    "collabs": [
      {
        "id": "UC5CwaMl1eIgY8h02uZw7u8A",
        "name": "Suisei Channel",
        "duration_seconds": 18
      }
    ]
  }
]