[
  {
    "id": "HU3p7qeCJ50",
    "title": "MyHolo TV Live Stream",
    "type": "stream",
    "published_at": "2024-02-01T11:50:53.000Z",
    "available_at": "2024-10-26T12:50:05.000Z",
    "duration": 124,
    "status": "past",
    "start_actual": "2024-10-26T12:50:05.000Z",
    "end_actual": "2024-10-26T12:52:23.000Z",
    "live_viewers": 0,
    "channel": {
      "id": "UCS1IqPUpSTzxuCvoPLqocFA",
      "name": "MyHolo TV",
      "org": "MyHolo TV",
      "suborg": "00Official",
      "type": "vtuber",
      "photo": "https://yt3.ggpht.com/Zi5CiuubPihP4vHQPdfaJ4KINFWK6gL-PUbxukMXnXvVHl5TFDQDeAyNzPPFym-GAqtWxtG3=s800-c-k-c0x00ffffff-no-rj",
      "english_name": "MyHolo TV Official"
    },
    "collabs": []
  },
  {
    "id": "8p2VBT3ToRc",
    "title": "【MyHoloCheebies】 Are you ready for CUTENESS OVERLOAD?? 【MyHolo TV】",
    "type": "stream",
    "published_at": "2024-03-21T04:30:03.000Z",
    "available_at": "2024-03-20T14:03:24.000Z",
    "duration": 6774,
    "status": "past",
    "start_scheduled": "2024-03-20T14:00:00.000Z",
    "start_actual": "2024-03-20T14:03:24.000Z",
    "end_actual": "2024-03-20T15:56:17.000Z",
    "live_viewers": 0,
    "mentions": [
      {
        "id": "UCHz3PeU1RRcY9vJDSqsigIA",
        "org": "MyHolo TV",
        "lang": null,
        "name": "Liliana Vampaia Ch. 吸血鬼 リリアナ",
        "type": "vtuber",
        "photo": "https://yt3.ggpht.com/c4rmvWU-2VNmjYyjAzUXUUECrO9fDWNMap-vJhdNQSUgQjRULXv2evA047BH0gM_bdNLGCpl=s800-c-k-c0x00ffffff-no-rj",
        "suborg": "01Kensou!!",
        "english_name": "Liliana Vampaia"
      },
      {
        "id": "UCKKH64iHZH2O9NdlsOQD2Qg",
        "org": "Independents",
        "lang": null,
        "name": "Liola Lightbringer Ch. ",
        "type": "vtuber",
        "photo": "https://yt3.ggpht.com/NoUnEPMKpcGjeJ5ginKNkR-TgyKs39WL-atDWsOP8y-M7XkNaQGlgjn7z-JAJB4w55bWoDT0Pg=s800-c-k-c0x00ffffff-no-rj",
        "suborg": null,
        "english_name": "Liola"
      },
      {
        "id": "UCf5X1k-R3Vk-2OYYKraJ7dQ",
        "org": "MyHolo TV",
        "lang": null,
        "name": "Lunaris Urufi Ch. 人狼 ルナリス【VOGI】",
        "type": "vtuber",
        "photo": "https://yt3.ggpht.com/ikZ3diqZK-mQkQ6zezzzOlesDVZQ7q_pkJbMVlJVRJXD1zhBsB1gex6z3lj9E22DuXcQpdlS=s800-c-k-c0x00ffffff-no-rj",
        "suborg": "01Kensou!!",
        "english_name": "Lunaris Urufi"
      },
      {
        "id": "UCr8NZ9jOrrVcIRnaHZCjJUg",
        "org": "Independents",
        "lang": null,
        "name": "Karrot Ch.",
        "type": "vtuber",
        "photo": "https://yt3.ggpht.com/iwTCXmywwsK2ipHwhKQ-fFeia1E9kZM0DB_B4cgGTNDZC3W5OxeLmn-fOm3ZGAUFBmSzQigOXw=s800-c-k-c0x00ffffff-no-rj",
        "suborg": null,
        "english_name": "Karrot"
      }
    ],
    "channel": {
      "id": "UCS1IqPUpSTzxuCvoPLqocFA",
      "name": "MyHolo TV",
      "org": "MyHolo TV",
      "suborg": "00Official",
      "type": "vtuber",
      "photo": "https://yt3.ggpht.com/Zi5CiuubPihP4vHQPdfaJ4KINFWK6gL-PUbxukMXnXvVHl5TFDQDeAyNzPPFym-GAqtWxtG3=s800-c-k-c0x00ffffff-no-rj",
      "english_name": "MyHolo TV Official"
    },
    "collabs": [
      {
        "id": "UCHz3PeU1RRcY9vJDSqsigIA",
        "name": "Liliana Vampaia Ch. 吸血鬼 リリアナ",
        "duration_seconds": 6773
      },
      {
        "id": "UCKKH64iHZH2O9NdlsOQD2Qg",
        "name": "Liola Lightbringer Ch. ",
        "duration_seconds": 6773
      },
      {
        "id": "UCf5X1k-R3Vk-2OYYKraJ7dQ",
        "name": "Lunaris Urufi Ch. 人狼 ルナリス【VOGI】",
        "duration_seconds": 6773
      },
      {
        "id": "UCr8NZ9jOrrVcIRnaHZCjJUg",
        "name": "Karrot Ch.",
        "duration_seconds": 6773
      }
    ]
  },
  {
    "id": "xxWc9wqFtQM",
    "title": "【Re:CorD】The Start Of A New Chapter【MyHolo TV】",
    "type": "stream",
    "published_at": "2023-12-02T15:24:09.000Z",
    "available_at": "2023-12-02T15:24:09.000Z",
    "duration": 115,
    "status": "past",
    "mentions": [
      {
        "id": "UCKKH64iHZH2O9NdlsOQD2Qg",
        "org": "Independents",
        "lang": null,
        "name": "Liola Lightbringer Ch. ",
        "type": "vtuber",
        "photo": "https://yt3.ggpht.com/NoUnEPMKpcGjeJ5ginKNkR-TgyKs39WL-atDWsOP8y-M7XkNaQGlgjn7z-JAJB4w55bWoDT0Pg=s800-c-k-c0x00ffffff-no-rj",
        "suborg": null,
        "english_name": "Liola"
      },
      {
        "id": "UCr8NZ9jOrrVcIRnaHZCjJUg",
        "org": "Independents",
        "lang": null,
        "name": "Karrot Ch.",
        "type": "vtuber",
        "photo": "https://yt3.ggpht.com/iwTCXmywwsK2ipHwhKQ-fFeia1E9kZM0DB_B4cgGTNDZC3W5OxeLmn-fOm3ZGAUFBmSzQigOXw=s800-c-k-c0x00ffffff-no-rj",
        "suborg": null,
        "english_name": "Karrot"
      },
      {
        "id": "UCHz3PeU1RRcY9vJDSqsigIA",
        "org": "MyHolo TV",
        "lang": null,
        "name": "Liliana Vampaia Ch. 吸血鬼 リリアナ",
        "type": "vtuber",
        "photo": "https://yt3.ggpht.com/c4rmvWU-2VNmjYyjAzUXUUECrO9fDWNMap-vJhdNQSUgQjRULXv2evA047BH0gM_bdNLGCpl=s800-c-k-c0x00ffffff-no-rj",
        "suborg": "01Kensou!!",
        "english_name": "Liliana Vampaia"
      },
      {
        "id": "UCf5X1k-R3Vk-2OYYKraJ7dQ",
        "org": "MyHolo TV",
        "lang": null,
        "name": "Lunaris Urufi Ch. 人狼 ルナリス【VOGI】",
        "type": "vtuber",
        "photo": "https://yt3.ggpht.com/ikZ3diqZK-mQkQ6zezzzOlesDVZQ7q_pkJbMVlJVRJXD1zhBsB1gex6z3lj9E22DuXcQpdlS=s800-c-k-c0x00ffffff-no-rj",
        "suborg": "01Kensou!!",
        "english_name": "Lunaris Urufi"
      }
    ],
    "channel": {
      "id": "UCS1IqPUpSTzxuCvoPLqocFA",
      "name": "MyHolo TV",
      "org": "MyHolo TV",
      "suborg": "00Official",
      "type": "vtuber",
      "photo": "https://yt3.ggpht.com/Zi5CiuubPihP4vHQPdfaJ4KINFWK6gL-PUbxukMXnXvVHl5TFDQDeAyNzPPFym-GAqtWxtG3=s800-c-k-c0x00ffffff-no-rj",
      "english_name": "MyHolo TV Official"
    },
    "collabs": [
      {
        "id": "UCKKH64iHZH2O9NdlsOQD2Qg",
        "name": "Liola Lightbringer Ch. ",
        "duration_seconds": 115
      },
      {
        "id": "UCr8NZ9jOrrVcIRnaHZCjJUg",
        "name": "Karrot Ch.",
        "duration_seconds": 115
      },
      {
        "id": "UCHz3PeU1RRcY9vJDSqsigIA",
        "name": "Liliana Vampaia Ch. 吸血鬼 リリアナ",
        "duration_seconds": 115
      },
      {
        "id": "UCf5X1k-R3Vk-2OYYKraJ7dQ",
        "name": "Lunaris Urufi Ch. 人狼 ルナリス【VOGI】",
        "duration_seconds": 115
      }
    ]
  },
  {
    "id": "7HExuFQrsFo",
    "title": "【Re:CorD】Debut Relay: Reviewing YOUR Outfit Predictions For Us!【MyHolo TV】",
    "type": "stream",
    "topic_id": "Review",
    "published_at": "2023-12-02T23:39:51.000Z",
    "available_at": "2023-12-02T10:55:19.000Z",
    "duration": 2145,
    "status": "past",
    "start_scheduled": "2023-12-02T11:00:00.000Z",
    "start_actual": "2023-12-02T10:55:19.000Z",
    "end_actual": "2023-12-02T11:31:03.000Z",
    "live_viewers": 0,
    "mentions": [
      {
        "id": "UCKKH64iHZH2O9NdlsOQD2Qg",
        "org": "Independents",
        "lang": null,
        "name": "Liola Lightbringer Ch. ",
        "type": "vtuber",
        "photo": "https://yt3.ggpht.com/NoUnEPMKpcGjeJ5ginKNkR-TgyKs39WL-atDWsOP8y-M7XkNaQGlgjn7z-JAJB4w55bWoDT0Pg=s800-c-k-c0x00ffffff-no-rj",
        "suborg": null,
        "english_name": "Liola"
      },
      {
        "id": "UCr8NZ9jOrrVcIRnaHZCjJUg",
        "org": "Independents",
        "lang": null,
        "name": "Karrot Ch.",
        "type": "vtuber",
        "photo": "https://yt3.ggpht.com/iwTCXmywwsK2ipHwhKQ-fFeia1E9kZM0DB_B4cgGTNDZC3W5OxeLmn-fOm3ZGAUFBmSzQigOXw=s800-c-k-c0x00ffffff-no-rj",
        "suborg": null,
        "english_name": "Karrot"
      },
      {
        "id": "UCf5X1k-R3Vk-2OYYKraJ7dQ",
        "org": "MyHolo TV",
        "lang": null,
        "name": "Lunaris Urufi Ch. 人狼 ルナリス【VOGI】",
        "type": "vtuber",
        "photo": "https://yt3.ggpht.com/ikZ3diqZK-mQkQ6zezzzOlesDVZQ7q_pkJbMVlJVRJXD1zhBsB1gex6z3lj9E22DuXcQpdlS=s800-c-k-c0x00ffffff-no-rj",
        "suborg": "01Kensou!!",
        "english_name": "Lunaris Urufi"
      },
      {
        "id": "UCHz3PeU1RRcY9vJDSqsigIA",
        "org": "MyHolo TV",
        "lang": null,
        "name": "Liliana Vampaia Ch. 吸血鬼 リリアナ",
        "type": "vtuber",
        "photo": "https://yt3.ggpht.com/c4rmvWU-2VNmjYyjAzUXUUECrO9fDWNMap-vJhdNQSUgQjRULXv2evA047BH0gM_bdNLGCpl=s800-c-k-c0x00ffffff-no-rj",
        "suborg": "01Kensou!!",
        "english_name": "Liliana Vampaia"
      }
    ],
    "channel": {
      "id": "UCS1IqPUpSTzxuCvoPLqocFA",
      "name": "MyHolo TV",
      "org": "MyHolo TV",
      "suborg": "00Official",
      "type": "vtuber",
      "photo": "https://yt3.ggpht.com/Zi5CiuubPihP4vHQPdfaJ4KINFWK6gL-PUbxukMXnXvVHl5TFDQDeAyNzPPFym-GAqtWxtG3=s800-c-k-c0x00ffffff-no-rj",
      "english_name": "MyHolo TV Official"
    },
    "collabs": [
      {
        "id": "UCKKH64iHZH2O9NdlsOQD2Qg",
        "name": "Liola Lightbringer Ch. ",
        "duration_seconds": 2144
      },
      {
        "id": "UCr8NZ9jOrrVcIRnaHZCjJUg",
        "name": "Karrot Ch.",
        "duration_seconds": 2144
      },
      {
        "id": "UCf5X1k-R3Vk-2OYYKraJ7dQ",
        "name": "Lunaris Urufi Ch. 人狼 ルナリス【VOGI】",
        "duration_seconds": 2144
      },
      {
        "id": "UCHz3PeU1RRcY9vJDSqsigIA",
        "name": "Liliana Vampaia Ch. 吸血鬼 リリアナ",
        "duration_seconds": 2144
      }
    ]
  },
  {
    "id": "GyoK6IZUgWI",
    "title": "【MyHolo TV】3rd Year Anniversary Celebration!",
    "type": "stream",
    "topic_id": "Anniversary",
    "published_at": "2023-06-18T16:58:25.000Z",
    "available_at": "2023-06-18T14:11:06.000Z",
    "duration": 6755,
    "status": "past",
    "start_scheduled": "2023-06-18T14:00:00.000Z",
    "start_actual": "2023-06-18T14:11:06.000Z",
    "end_actual": "2023-06-18T16:03:42.000Z",
    "live_viewers": 0,
    "mentions": [
      {
        "id": "UCf5X1k-R3Vk-2OYYKraJ7dQ",
        "org": "MyHolo TV",
        "lang": null,
        "name": "Lunaris Urufi Ch. 人狼 ルナリス【VOGI】",
        "type": "vtuber",
        "photo": "https://yt3.ggpht.com/ikZ3diqZK-mQkQ6zezzzOlesDVZQ7q_pkJbMVlJVRJXD1zhBsB1gex6z3lj9E22DuXcQpdlS=s800-c-k-c0x00ffffff-no-rj",
        "suborg": "01Kensou!!",
        "english_name": "Lunaris Urufi"
      },
      {
        "id": "UCr8NZ9jOrrVcIRnaHZCjJUg",
        "org": "Independents",
        "lang": null,
        "name": "Karrot Ch.",
        "type": "vtuber",
        "photo": "https://yt3.ggpht.com/iwTCXmywwsK2ipHwhKQ-fFeia1E9kZM0DB_B4cgGTNDZC3W5OxeLmn-fOm3ZGAUFBmSzQigOXw=s800-c-k-c0x00ffffff-no-rj",
        "suborg": null,
        "english_name": "Karrot"
      },
      {
        "id": "UCHz3PeU1RRcY9vJDSqsigIA",
        "org": "MyHolo TV",
        "lang": null,
        "name": "Liliana Vampaia Ch. 吸血鬼 リリアナ",
        "type": "vtuber",
        "photo": "https://yt3.ggpht.com/c4rmvWU-2VNmjYyjAzUXUUECrO9fDWNMap-vJhdNQSUgQjRULXv2evA047BH0gM_bdNLGCpl=s800-c-k-c0x00ffffff-no-rj",
        "suborg": "01Kensou!!",
        "english_name": "Liliana Vampaia"
      },
      {
        "id": "UCKKH64iHZH2O9NdlsOQD2Qg",
        "org": "Independents",
        "lang": null,
        "name": "Liola Lightbringer Ch. ",
        "type": "vtuber",
        "photo": "https://yt3.ggpht.com/NoUnEPMKpcGjeJ5ginKNkR-TgyKs39WL-atDWsOP8y-M7XkNaQGlgjn7z-JAJB4w55bWoDT0Pg=s800-c-k-c0x00ffffff-no-rj",
        "suborg": null,
        "english_name": "Liola"
      },
      {
        "id": "UCcmX9wpxwcQGNg9L91YDdhg",
        "org": "MyHolo TV",
        "lang": null,
        "name": "Woozie Ch. 湾内ウージ【MyHolo TV】",
        "type": "vtuber",
        "photo": "https://yt3.ggpht.com/AuVw1l0yUFY-vvkXvF5P3BgIZfbMYhi_GIEcaTu7-9ffbmym0Zp5NdUw6Jec3D-7kj4pDDmXhA=s800-c-k-c0x00ffffff-no-rj",
        "suborg": "ZZ",
        "english_name": "Woozie Ch."
      }
    ],
    "channel": {
      "id": "UCS1IqPUpSTzxuCvoPLqocFA",
      "name": "MyHolo TV",
      "org": "MyHolo TV",
      "suborg": "00Official",
      "type": "vtuber",
      "photo": "https://yt3.ggpht.com/Zi5CiuubPihP4vHQPdfaJ4KINFWK6gL-PUbxukMXnXvVHl5TFDQDeAyNzPPFym-GAqtWxtG3=s800-c-k-c0x00ffffff-no-rj",
      "english_name": "MyHolo TV Official"
    },
    "collabs": [
      {
        "id": "UCf5X1k-R3Vk-2OYYKraJ7dQ",
        "name": "Lunaris Urufi Ch. 人狼 ルナリス【VOGI】",
        "duration_seconds": 6756
      },
      {
        "id": "UCr8NZ9jOrrVcIRnaHZCjJUg",
        "name": "Karrot Ch.",
        "duration_seconds": 6756
      },
      {
        "id": "UCHz3PeU1RRcY9vJDSqsigIA",
        "name": "Liliana Vampaia Ch. 吸血鬼 リリアナ",
        "duration_seconds": 6756
      },
      {
        "id": "UCKKH64iHZH2O9NdlsOQD2Qg",
        "name": "Liola Lightbringer Ch. ",
        "duration_seconds": 6756
      },
      {
        "id": "UCcmX9wpxwcQGNg9L91YDdhg",
        "name": "Woozie Ch. 湾内ウージ【MyHolo TV】",
        "duration_seconds": 6756
      }
    ]
  },
  {
    "id": "OJDZ7u93VPc",
    "title": "Ready to fall deeper into the rabbit hole with these girls?! - MyHolo TV",
    "type": "stream",
    "published_at": "2023-06-17T04:36:22.000Z",
    "available_at": "2023-06-17T04:36:22.000Z",
    "duration": 131,
    "status": "past",
    "mentions": [
      {
        "id": "UCr8NZ9jOrrVcIRnaHZCjJUg",
        "org": "Independents",
        "lang": null,
        "name": "Karrot Ch.",
        "type": "vtuber",
        "photo": "https://yt3.ggpht.com/iwTCXmywwsK2ipHwhKQ-fFeia1E9kZM0DB_B4cgGTNDZC3W5OxeLmn-fOm3ZGAUFBmSzQigOXw=s800-c-k-c0x00ffffff-no-rj",
        "suborg": null,
        "english_name": "Karrot"
      },
      {
        "id": "UCHz3PeU1RRcY9vJDSqsigIA",
        "org": "MyHolo TV",
        "lang": null,
        "name": "Liliana Vampaia Ch. 吸血鬼 リリアナ",
        "type": "vtuber",
        "photo": "https://yt3.ggpht.com/c4rmvWU-2VNmjYyjAzUXUUECrO9fDWNMap-vJhdNQSUgQjRULXv2evA047BH0gM_bdNLGCpl=s800-c-k-c0x00ffffff-no-rj",
        "suborg": "01Kensou!!",
        "english_name": "Liliana Vampaia"
      },
      {
        "id": "UCcmX9wpxwcQGNg9L91YDdhg",
        "org": "MyHolo TV",
        "lang": null,
        "name": "Woozie Ch. 湾内ウージ【MyHolo TV】",
        "type": "vtuber",
        "photo": "https://yt3.ggpht.com/AuVw1l0yUFY-vvkXvF5P3BgIZfbMYhi_GIEcaTu7-9ffbmym0Zp5NdUw6Jec3D-7kj4pDDmXhA=s800-c-k-c0x00ffffff-no-rj",
        "suborg": "ZZ",
        "english_name": "Woozie Ch."
      },
      {
        "id": "UCf5X1k-R3Vk-2OYYKraJ7dQ",
        "org": "MyHolo TV",
        "lang": null,
        "name": "Lunaris Urufi Ch. 人狼 ルナリス【VOGI】",
        "type": "vtuber",
        "photo": "https://yt3.ggpht.com/ikZ3diqZK-mQkQ6zezzzOlesDVZQ7q_pkJbMVlJVRJXD1zhBsB1gex6z3lj9E22DuXcQpdlS=s800-c-k-c0x00ffffff-no-rj",
        "suborg": "01Kensou!!",
        "english_name": "Lunaris Urufi"
      },
      {
        "id": "UCKKH64iHZH2O9NdlsOQD2Qg",
        "org": "Independents",
        "lang": null,
        "name": "Liola Lightbringer Ch. ",
        "type": "vtuber",
        "photo": "https://yt3.ggpht.com/NoUnEPMKpcGjeJ5ginKNkR-TgyKs39WL-atDWsOP8y-M7XkNaQGlgjn7z-JAJB4w55bWoDT0Pg=s800-c-k-c0x00ffffff-no-rj",
        "suborg": null,
        "english_name": "Liola"
      }
    ],
    "channel": {
      "id": "UCS1IqPUpSTzxuCvoPLqocFA",
      "name": "MyHolo TV",
      "org": "MyHolo TV",
      "suborg": "00Official",
      "type": "vtuber",
      "photo": "https://yt3.ggpht.com/Zi5CiuubPihP4vHQPdfaJ4KINFWK6gL-PUbxukMXnXvVHl5TFDQDeAyNzPPFym-GAqtWxtG3=s800-c-k-c0x00ffffff-no-rj",
      "english_name": "MyHolo TV Official"
    },
    "collabs": [
      {
        "id": "UCr8NZ9jOrrVcIRnaHZCjJUg",
        "name": "Karrot Ch.",
        "duration_seconds": 131
      },
      {
        "id": "UCHz3PeU1RRcY9vJDSqsigIA",
        "name": "Liliana Vampaia Ch. 吸血鬼 リリアナ",
        "duration_seconds": 131
      },
      {
        "id": "UCcmX9wpxwcQGNg9L91YDdhg",
        "name": "Woozie Ch. 湾内ウージ【MyHolo TV】",
        "duration_seconds": 131
      },
      {
        "id": "UCf5X1k-R3Vk-2OYYKraJ7dQ",
        "name": "Lunaris Urufi Ch. 人狼 ルナリス【VOGI】",
        "duration_seconds": 131
      },
      {
        "id": "UCKKH64iHZH2O9NdlsOQD2Qg",
        "name": "Liola Lightbringer Ch. ",
        "duration_seconds": 131
      }
    ]
  },
  {
    "id": "429vqs4eR1E",
    "title": "Let me do it for you 🎈",
    "type": "stream",
    "published_at": "2023-03-19T13:00:09.000Z",
    "available_at": "2023-03-19T13:00:09.000Z",
    "duration": 108,
    "status": "past",
    "start_scheduled": "2023-03-19T13:00:00.000Z",
    "start_actual": "2023-03-19T13:00:09.000Z",
    "end_actual": "2023-03-19T13:03:54.000Z",
    "live_viewers": 0,
    "mentions": [
      {
        "id": "UCf5X1k-R3Vk-2OYYKraJ7dQ",
        "org": "MyHolo TV",
        "lang": null,
        "name": "Lunaris Urufi Ch. 人狼 ルナリス【VOGI】",
        "type": "vtuber",
        "photo": "https://yt3.ggpht.com/ikZ3diqZK-mQkQ6zezzzOlesDVZQ7q_pkJbMVlJVRJXD1zhBsB1gex6z3lj9E22DuXcQpdlS=s800-c-k-c0x00ffffff-no-rj",
        "suborg": "01Kensou!!",
        "english_name": "Lunaris Urufi"
      },
      {
        "id": "UCKKH64iHZH2O9NdlsOQD2Qg",
        "org": "Independents",
        "lang": null,
        "name": "Liola Lightbringer Ch. ",
        "type": "vtuber",
        "photo": "https://yt3.ggpht.com/NoUnEPMKpcGjeJ5ginKNkR-TgyKs39WL-atDWsOP8y-M7XkNaQGlgjn7z-JAJB4w55bWoDT0Pg=s800-c-k-c0x00ffffff-no-rj",
        "suborg": null,
        "english_name": "Liola"
      }
    ],
    "channel": {
      "id": "UCS1IqPUpSTzxuCvoPLqocFA",
      "name": "MyHolo TV",
      "org": "MyHolo TV",
      "suborg": "00Official",
      "type": "vtuber",
      "photo": "https://yt3.ggpht.com/Zi5CiuubPihP4vHQPdfaJ4KINFWK6gL-PUbxukMXnXvVHl5TFDQDeAyNzPPFym-GAqtWxtG3=s800-c-k-c0x00ffffff-no-rj",
      "english_name": "MyHolo TV Official"
    },
    "collabs": [
      {
        "id": "UCf5X1k-R3Vk-2OYYKraJ7dQ",
        "name": "Lunaris Urufi Ch. 人狼 ルナリス【VOGI】",
        "duration_seconds": 225
      },
      {
        "id": "UCKKH64iHZH2O9NdlsOQD2Qg",
        "name": "Liola Lightbringer Ch. ",
        "duration_seconds": 225
      }
    ]
  },
  {
    "id": "wq3ZrK-n1h4",
    "title": "Let me do it for you 👃 #shorts",
    "type": "stream",
    "topic_id": "shorts",
    "published_at": "2023-03-19T07:50:08.000Z",
    "available_at": "2023-03-19T07:50:08.000Z",
    "duration": 16,
    "status": "past",
    "start_scheduled": "2023-03-19T07:49:45.000Z",
    "start_actual": "2023-03-19T07:50:08.000Z",
    "end_actual": "2023-03-19T07:50:14.000Z",
    "live_viewers": 0,
    "mentions": [
      {
        "id": "UCKKH64iHZH2O9NdlsOQD2Qg",
        "org": "Independents",
        "lang": null,
        "name": "Liola Lightbringer Ch. ",
        "type": "vtuber",
        "photo": "https://yt3.ggpht.com/NoUnEPMKpcGjeJ5ginKNkR-TgyKs39WL-atDWsOP8y-M7XkNaQGlgjn7z-JAJB4w55bWoDT0Pg=s800-c-k-c0x00ffffff-no-rj",
        "suborg": null,
        "english_name": "Liola"
      },
      {
        "id": "UCf5X1k-R3Vk-2OYYKraJ7dQ",
        "org": "MyHolo TV",
        "lang": null,
        "name": "Lunaris Urufi Ch. 人狼 ルナリス【VOGI】",
        "type": "vtuber",
        "photo": "https://yt3.ggpht.com/ikZ3diqZK-mQkQ6zezzzOlesDVZQ7q_pkJbMVlJVRJXD1zhBsB1gex6z3lj9E22DuXcQpdlS=s800-c-k-c0x00ffffff-no-rj",
        "suborg": "01Kensou!!",
        "english_name": "Lunaris Urufi"
      }
    ],
    "channel": {
      "id": "UCS1IqPUpSTzxuCvoPLqocFA",
      "name": "MyHolo TV",
      "org": "MyHolo TV",
      "suborg": "00Official",
      "type": "vtuber",
      "photo": "https://yt3.ggpht.com/Zi5CiuubPihP4vHQPdfaJ4KINFWK6gL-PUbxukMXnXvVHl5TFDQDeAyNzPPFym-GAqtWxtG3=s800-c-k-c0x00ffffff-no-rj",
      "english_name": "MyHolo TV Official"
    },
    "collabs": [
      {
        "id": "UCKKH64iHZH2O9NdlsOQD2Qg",
        "name": "Liola Lightbringer Ch. ",
        "duration_seconds": 6
      },
      {
        "id": "UCf5X1k-R3Vk-2OYYKraJ7dQ",
        "name": "Lunaris Urufi Ch. 人狼 ルナリス【VOGI】",
        "duration_seconds": 6
      }
    ]
  },
  {
    "id": "THneW6eqycw",
    "title": "👧 Girl Power",
    "type": "stream",
    "published_at": "2023-02-05T13:00:09.000Z",
    "available_at": "2023-02-05T13:00:09.000Z",
    "duration": 83,
    "status": "past",
    "start_scheduled": "2023-02-05T13:00:00.000Z",
    "start_actual": "2023-02-05T13:00:09.000Z",
    "end_actual": "2023-02-05T13:03:28.000Z",
    "live_viewers": 0,
    "mentions": [
      {
        "id": "UCtfVp4B9rBl1zF3wKI-oK_A",
        "org": "MyHolo TV",
        "lang": null,
        "name": "Virion Kisei Ch. 寄星 ビリオン【MyHolo TV】",
        "type": "vtuber",
        "photo": "https://yt3.ggpht.com/YFQ3zA7N4whcnFG-jByIW3W2zPsFZq0tpaLxlyL26rligDzeidjDeIDm3q8oFgxGY0sedYbZA6c=s800-c-k-c0x00ffffff-no-rj",
        "suborg": "ZZ",
        "english_name": "Virion Kisei"
      },
      {
        "id": "UCr8NZ9jOrrVcIRnaHZCjJUg",
        "org": "Independents",
        "lang": null,
        "name": "Karrot Ch.",
        "type": "vtuber",
        "photo": "https://yt3.ggpht.com/iwTCXmywwsK2ipHwhKQ-fFeia1E9kZM0DB_B4cgGTNDZC3W5OxeLmn-fOm3ZGAUFBmSzQigOXw=s800-c-k-c0x00ffffff-no-rj",
        "suborg": null,
        "english_name": "Karrot"
      },
      {
        "id": "UCcmX9wpxwcQGNg9L91YDdhg",
        "org": "MyHolo TV",
        "lang": null,
        "name": "Woozie Ch. 湾内ウージ【MyHolo TV】",
        "type": "vtuber",
        "photo": "https://yt3.ggpht.com/AuVw1l0yUFY-vvkXvF5P3BgIZfbMYhi_GIEcaTu7-9ffbmym0Zp5NdUw6Jec3D-7kj4pDDmXhA=s800-c-k-c0x00ffffff-no-rj",
        "suborg": "ZZ",
        "english_name": "Woozie Ch."
      },
      {
        "id": "UCf5X1k-R3Vk-2OYYKraJ7dQ",
        "org": "MyHolo TV",
        "lang": null,
        "name": "Lunaris Urufi Ch. 人狼 ルナリス【VOGI】",
        "type": "vtuber",
        "photo": "https://yt3.ggpht.com/ikZ3diqZK-mQkQ6zezzzOlesDVZQ7q_pkJbMVlJVRJXD1zhBsB1gex6z3lj9E22DuXcQpdlS=s800-c-k-c0x00ffffff-no-rj",
        "suborg": "01Kensou!!",
        "english_name": "Lunaris Urufi"
      },
      {
        "id": "UCHz3PeU1RRcY9vJDSqsigIA",
        "org": "MyHolo TV",
        "lang": null,
        "name": "Liliana Vampaia Ch. 吸血鬼 リリアナ",
        "type": "vtuber",
        "photo": "https://yt3.ggpht.com/c4rmvWU-2VNmjYyjAzUXUUECrO9fDWNMap-vJhdNQSUgQjRULXv2evA047BH0gM_bdNLGCpl=s800-c-k-c0x00ffffff-no-rj",
        "suborg": "01Kensou!!",
        "english_name": "Liliana Vampaia"
      },
      {
        "id": "UCKKH64iHZH2O9NdlsOQD2Qg",
        "org": "Independents",
        "lang": null,
        "name": "Liola Lightbringer Ch. ",
        "type": "vtuber",
        "photo": "https://yt3.ggpht.com/NoUnEPMKpcGjeJ5ginKNkR-TgyKs39WL-atDWsOP8y-M7XkNaQGlgjn7z-JAJB4w55bWoDT0Pg=s800-c-k-c0x00ffffff-no-rj",
        "suborg": null,
        "english_name": "Liola"
      }
    ],
    "channel": {
      "id": "UCS1IqPUpSTzxuCvoPLqocFA",
      "name": "MyHolo TV",
      "org": "MyHolo TV",
      "suborg": "00Official",
      "type": "vtuber",
      "photo": "https://yt3.ggpht.com/Zi5CiuubPihP4vHQPdfaJ4KINFWK6gL-PUbxukMXnXvVHl5TFDQDeAyNzPPFym-GAqtWxtG3=s800-c-k-c0x00ffffff-no-rj",
      "english_name": "MyHolo TV Official"
    },
    "collabs": [
      {
        "id": "UCtfVp4B9rBl1zF3wKI-oK_A",
        "name": "Virion Kisei Ch. 寄星 ビリオン【MyHolo TV】",
        "duration_seconds": 199
      },
      {
        "id": "UCr8NZ9jOrrVcIRnaHZCjJUg",
        "name": "Karrot Ch.",
        "duration_seconds": 199
      },
      {
        "id": "UCcmX9wpxwcQGNg9L91YDdhg",
        "name": "Woozie Ch. 湾内ウージ【MyHolo TV】",
        "duration_seconds": 199
      },
      {
        "id": "UCf5X1k-R3Vk-2OYYKraJ7dQ",
        "name": "Lunaris Urufi Ch. 人狼 ルナリス【VOGI】",
        "duration_seconds": 199
      },
      {
        "id": "UCHz3PeU1RRcY9vJDSqsigIA",
        "name": "Liliana Vampaia Ch. 吸血鬼 リリアナ",
        "duration_seconds": 199
      },
      {
        "id": "UCKKH64iHZH2O9NdlsOQD2Qg",
        "name": "Liola Lightbringer Ch. ",
        "duration_seconds": 199
      }
    ]
  },
  {
    "id": "xxuU2rHXe2Q",
    "title": "5G Internet 📶",
    "type": "stream",
    "published_at": "2022-12-04T13:00:25.000Z",
    "available_at": "2022-12-04T13:00:25.000Z",
    "duration": 106,
    "status": "past",
    "mentions": [
      {
        "id": "UCr8NZ9jOrrVcIRnaHZCjJUg",
        "org": "Independents",
        "lang": null,
        "name": "Karrot Ch.",
        "type": "vtuber",
        "photo": "https://yt3.ggpht.com/iwTCXmywwsK2ipHwhKQ-fFeia1E9kZM0DB_B4cgGTNDZC3W5OxeLmn-fOm3ZGAUFBmSzQigOXw=s800-c-k-c0x00ffffff-no-rj",
        "suborg": null,
        "english_name": "Karrot"
      },
      {
        "id": "UCf5X1k-R3Vk-2OYYKraJ7dQ",
        "org": "MyHolo TV",
        "lang": null,
        "name": "Lunaris Urufi Ch. 人狼 ルナリス【VOGI】",
        "type": "vtuber",
        "photo": "https://yt3.ggpht.com/ikZ3diqZK-mQkQ6zezzzOlesDVZQ7q_pkJbMVlJVRJXD1zhBsB1gex6z3lj9E22DuXcQpdlS=s800-c-k-c0x00ffffff-no-rj",
        "suborg": "01Kensou!!",
        "english_name": "Lunaris Urufi"
      },
      {
        "id": "UCKKH64iHZH2O9NdlsOQD2Qg",
        "org": "Independents",
        "lang": null,
        "name": "Liola Lightbringer Ch. ",
        "type": "vtuber",
        "photo": "https://yt3.ggpht.com/NoUnEPMKpcGjeJ5ginKNkR-TgyKs39WL-atDWsOP8y-M7XkNaQGlgjn7z-JAJB4w55bWoDT0Pg=s800-c-k-c0x00ffffff-no-rj",
        "suborg": null,
        "english_name": "Liola"
      },
      {
        "id": "UCtfVp4B9rBl1zF3wKI-oK_A",
        "org": "MyHolo TV",
        "lang": null,
        "name": "Virion Kisei Ch. 寄星 ビリオン【MyHolo TV】",
        "type": "vtuber",
        "photo": "https://yt3.ggpht.com/YFQ3zA7N4whcnFG-jByIW3W2zPsFZq0tpaLxlyL26rligDzeidjDeIDm3q8oFgxGY0sedYbZA6c=s800-c-k-c0x00ffffff-no-rj",
        "suborg": "ZZ",
        "english_name": "Virion Kisei"
      }
    ],
    "channel": {
      "id": "UCS1IqPUpSTzxuCvoPLqocFA",
      "name": "MyHolo TV",
      "org": "MyHolo TV",
      "suborg": "00Official",
      "type": "vtuber",
      "photo": "https://yt3.ggpht.com/Zi5CiuubPihP4vHQPdfaJ4KINFWK6gL-PUbxukMXnXvVHl5TFDQDeAyNzPPFym-GAqtWxtG3=s800-c-k-c0x00ffffff-no-rj",
      "english_name": "MyHolo TV Official"
    },
    "collabs": [
      {
        "id": "UCr8NZ9jOrrVcIRnaHZCjJUg",
        "name": "Karrot Ch.",
        "duration_seconds": 106
      },
      {
        "id": "UCf5X1k-R3Vk-2OYYKraJ7dQ",
        "name": "Lunaris Urufi Ch. 人狼 ルナリス【VOGI】",
        "duration_seconds": 106
      },
      {
        "id": "UCKKH64iHZH2O9NdlsOQD2Qg",
        "name": "Liola Lightbringer Ch. ",
        "duration_seconds": 106
      },
      {
        "id": "UCtfVp4B9rBl1zF3wKI-oK_A",
        "name": "Virion Kisei Ch. 寄星 ビリオン【MyHolo TV】",
        "duration_seconds": 106
      }
    ]
  },
  {
    "id": "L21ta89-JUQ",
    "title": "【SONG】 Our Brand New World (Official Music Video) - TRIDOXA",
    "type": "stream",
    "topic_id": "Original_Song",
    "published_at": "2022-11-06T14:26:20.000Z",
    "available_at": "2022-11-06T14:26:20.000Z",
    "duration": 136,
    "status": "past",
    "start_scheduled": "2022-11-06T14:26:00.000Z",
    "start_actual": "2022-11-06T14:26:20.000Z",
    "end_actual": "2022-11-06T14:30:29.000Z",
    "live_viewers": 0,
    "mentions": [
      {
        "id": "UCcmX9wpxwcQGNg9L91YDdhg",
        "org": "MyHolo TV",
        "lang": null,
        "name": "Woozie Ch. 湾内ウージ【MyHolo TV】",
        "type": "vtuber",
        "photo": "https://yt3.ggpht.com/AuVw1l0yUFY-vvkXvF5P3BgIZfbMYhi_GIEcaTu7-9ffbmym0Zp5NdUw6Jec3D-7kj4pDDmXhA=s800-c-k-c0x00ffffff-no-rj",
        "suborg": "ZZ",
        "english_name": "Woozie Ch."
      },
      {
        "id": "UCKKH64iHZH2O9NdlsOQD2Qg",
        "org": "Independents",
        "lang": null,
        "name": "Liola Lightbringer Ch. ",
        "type": "vtuber",
        "photo": "https://yt3.ggpht.com/NoUnEPMKpcGjeJ5ginKNkR-TgyKs39WL-atDWsOP8y-M7XkNaQGlgjn7z-JAJB4w55bWoDT0Pg=s800-c-k-c0x00ffffff-no-rj",
        "suborg": null,
        "english_name": "Liola"
      }
    ],
    "channel": {
      "id": "UCS1IqPUpSTzxuCvoPLqocFA",
      "name": "MyHolo TV",
      "org": "MyHolo TV",
      "suborg": "00Official",
      "type": "vtuber",
      "photo": "https://yt3.ggpht.com/Zi5CiuubPihP4vHQPdfaJ4KINFWK6gL-PUbxukMXnXvVHl5TFDQDeAyNzPPFym-GAqtWxtG3=s800-c-k-c0x00ffffff-no-rj",
      "english_name": "MyHolo TV Official"
    },
    "collabs": [
      {
        "id": "UCcmX9wpxwcQGNg9L91YDdhg",
        "name": "Woozie Ch. 湾内ウージ【MyHolo TV】",
        "duration_seconds": 249
      },
      {
        "id": "UCKKH64iHZH2O9NdlsOQD2Qg",
        "name": "Liola Lightbringer Ch. ",
        "duration_seconds": 249
      }
    ]
  },
  {
    "id": "GBBWB0t7dz8",
    "title": "Potion of Extreme \"Luck\" 🧪",
    "type": "stream",
    "published_at": "2022-09-10T13:00:09.000Z",
    "available_at": "2022-09-10T13:00:09.000Z",
    "duration": 159,
    "status": "past",
    "mentions": [
      {
        "id": "UCtfVp4B9rBl1zF3wKI-oK_A",
        "org": "MyHolo TV",
        "lang": null,
        "name": "Virion Kisei Ch. 寄星 ビリオン【MyHolo TV】",
        "type": "vtuber",
        "photo": "https://yt3.ggpht.com/YFQ3zA7N4whcnFG-jByIW3W2zPsFZq0tpaLxlyL26rligDzeidjDeIDm3q8oFgxGY0sedYbZA6c=s800-c-k-c0x00ffffff-no-rj",
        "suborg": "ZZ",
        "english_name": "Virion Kisei"
      }
    ],
    "channel": {
      "id": "UCS1IqPUpSTzxuCvoPLqocFA",
      "name": "MyHolo TV",
      "org": "MyHolo TV",
      "suborg": "00Official",
      "type": "vtuber",
      "photo": "https://yt3.ggpht.com/Zi5CiuubPihP4vHQPdfaJ4KINFWK6gL-PUbxukMXnXvVHl5TFDQDeAyNzPPFym-GAqtWxtG3=s800-c-k-c0x00ffffff-no-rj",
      "english_name": "MyHolo TV Official"
    },
    "collabs": [
      {
        "id": "UCtfVp4B9rBl1zF3wKI-oK_A",
        "name": "Virion Kisei Ch. 寄星 ビリオン【MyHolo TV】",
        "duration_seconds": 159
      }
    ]
  },
  {
    "id": "TUgx3ra6yDU",
    "title": "SMOL LIA 👶",
    "type": "stream",
    "published_at": "2022-07-30T13:00:17.000Z",
    "available_at": "2022-07-30T13:00:17.000Z",
    "duration": 156,
    "status": "past",
    "mentions": [
      {
        "id": "UCf5X1k-R3Vk-2OYYKraJ7dQ",
        "org": "MyHolo TV",
        "lang": null,
        "name": "Lunaris Urufi Ch. 人狼 ルナリス【VOGI】",
        "type": "vtuber",
        "photo": "https://yt3.ggpht.com/ikZ3diqZK-mQkQ6zezzzOlesDVZQ7q_pkJbMVlJVRJXD1zhBsB1gex6z3lj9E22DuXcQpdlS=s800-c-k-c0x00ffffff-no-rj",
        "suborg": "01Kensou!!",
        "english_name": "Lunaris Urufi"
      },
      {
        "id": "UCptFEtQFy6u0_hReq9i8DCQ",
        "org": "MyHolo TV",
        "lang": null,
        "name": "Athelia Hiroyuki Ch. 博之 アテリア",
        "type": "vtuber",
        "photo": "https://yt3.ggpht.com/fYu6spLN_ONVWyA0H1wEcVt7unYdrkLhDlCk6vijMSQubbxudoO-8c30XCx7FmgXN6HLG08B=s800-c-k-c0x00ffffff-no-rj",
        "suborg": "ZZ",
        "english_name": "Athelia Hiroyuki"
      },
      {
        "id": "UCtfVp4B9rBl1zF3wKI-oK_A",
        "org": "MyHolo TV",
        "lang": null,
        "name": "Virion Kisei Ch. 寄星 ビリオン【MyHolo TV】",
        "type": "vtuber",
        "photo": "https://yt3.ggpht.com/YFQ3zA7N4whcnFG-jByIW3W2zPsFZq0tpaLxlyL26rligDzeidjDeIDm3q8oFgxGY0sedYbZA6c=s800-c-k-c0x00ffffff-no-rj",
        "suborg": "ZZ",
        "english_name": "Virion Kisei"
      }
    ],
    "channel": {
      "id": "UCS1IqPUpSTzxuCvoPLqocFA",
      "name": "MyHolo TV",
      "org": "MyHolo TV",
      "suborg": "00Official",
      "type": "vtuber",
      "photo": "https://yt3.ggpht.com/Zi5CiuubPihP4vHQPdfaJ4KINFWK6gL-PUbxukMXnXvVHl5TFDQDeAyNzPPFym-GAqtWxtG3=s800-c-k-c0x00ffffff-no-rj",
      "english_name": "MyHolo TV Official"
    },
    "collabs": [
      {
        "id": "UCf5X1k-R3Vk-2OYYKraJ7dQ",
        "name": "Lunaris Urufi Ch. 人狼 ルナリス【VOGI】",
        "duration_seconds": 156
      },
      {
        "id": "UCptFEtQFy6u0_hReq9i8DCQ",
        "name": "Athelia Hiroyuki Ch. 博之 アテリア",
        "duration_seconds": 156
      },
      {
        "id": "UCtfVp4B9rBl1zF3wKI-oK_A",
        "name": "Virion Kisei Ch. 寄星 ビリオン【MyHolo TV】",
        "duration_seconds": 156
      }
    ]
  },
  {
    "id": "Kquafx8ukFo",
    "title": "mis-misunderstandings 💦",
    "type": "stream",
    "published_at": "2022-06-26T13:00:10.000Z",
    "available_at": "2022-06-26T13:00:10.000Z",
    "duration": 124,
    "status": "past",
    "mentions": [
      {
        "id": "UCf5X1k-R3Vk-2OYYKraJ7dQ",
        "org": "MyHolo TV",
        "lang": null,
        "name": "Lunaris Urufi Ch. 人狼 ルナリス【VOGI】",
        "type": "vtuber",
        "photo": "https://yt3.ggpht.com/ikZ3diqZK-mQkQ6zezzzOlesDVZQ7q_pkJbMVlJVRJXD1zhBsB1gex6z3lj9E22DuXcQpdlS=s800-c-k-c0x00ffffff-no-rj",
        "suborg": "01Kensou!!",
        "english_name": "Lunaris Urufi"
      },
      {
        "id": "UCtfVp4B9rBl1zF3wKI-oK_A",
        "org": "MyHolo TV",
        "lang": null,
        "name": "Virion Kisei Ch. 寄星 ビリオン【MyHolo TV】",
        "type": "vtuber",
        "photo": "https://yt3.ggpht.com/YFQ3zA7N4whcnFG-jByIW3W2zPsFZq0tpaLxlyL26rligDzeidjDeIDm3q8oFgxGY0sedYbZA6c=s800-c-k-c0x00ffffff-no-rj",
        "suborg": "ZZ",
        "english_name": "Virion Kisei"
      }
    ],
    "channel": {
      "id": "UCS1IqPUpSTzxuCvoPLqocFA",
      "name": "MyHolo TV",
      "org": "MyHolo TV",
      "suborg": "00Official",
      "type": "vtuber",
      "photo": "https://yt3.ggpht.com/Zi5CiuubPihP4vHQPdfaJ4KINFWK6gL-PUbxukMXnXvVHl5TFDQDeAyNzPPFym-GAqtWxtG3=s800-c-k-c0x00ffffff-no-rj",
      "english_name": "MyHolo TV Official"
    },
    "collabs": [
      {
        "id": "UCf5X1k-R3Vk-2OYYKraJ7dQ",
        "name": "Lunaris Urufi Ch. 人狼 ルナリス【VOGI】",
        "duration_seconds": 124
      },
      {
        "id": "UCtfVp4B9rBl1zF3wKI-oK_A",
        "name": "Virion Kisei Ch. 寄星 ビリオン【MyHolo TV】",
        "duration_seconds": 124
      }
    ]
  },
  {
    "id": "ZMeEjt4shLs",
    "title": "Train accident 💥",
    "type": "stream",
    "published_at": "2022-06-04T13:00:17.000Z",
    "available_at": "2022-06-04T13:00:17.000Z",
    "duration": 159,
    "status": "past",
    "mentions": [
      {
        "id": "UCtfVp4B9rBl1zF3wKI-oK_A",
        "org": "MyHolo TV",
        "lang": null,
        "name": "Virion Kisei Ch. 寄星 ビリオン【MyHolo TV】",
        "type": "vtuber",
        "photo": "https://yt3.ggpht.com/YFQ3zA7N4whcnFG-jByIW3W2zPsFZq0tpaLxlyL26rligDzeidjDeIDm3q8oFgxGY0sedYbZA6c=s800-c-k-c0x00ffffff-no-rj",
        "suborg": "ZZ",
        "english_name": "Virion Kisei"
      },
      {
        "id": "UCf5X1k-R3Vk-2OYYKraJ7dQ",
        "org": "MyHolo TV",
        "lang": null,
        "name": "Lunaris Urufi Ch. 人狼 ルナリス【VOGI】",
        "type": "vtuber",
        "photo": "https://yt3.ggpht.com/ikZ3diqZK-mQkQ6zezzzOlesDVZQ7q_pkJbMVlJVRJXD1zhBsB1gex6z3lj9E22DuXcQpdlS=s800-c-k-c0x00ffffff-no-rj",
        "suborg": "01Kensou!!",
        "english_name": "Lunaris Urufi"
      }
    ],
    "channel": {
      "id": "UCS1IqPUpSTzxuCvoPLqocFA",
      "name": "MyHolo TV",
      "org": "MyHolo TV",
      "suborg": "00Official",
      "type": "vtuber",
      "photo": "https://yt3.ggpht.com/Zi5CiuubPihP4vHQPdfaJ4KINFWK6gL-PUbxukMXnXvVHl5TFDQDeAyNzPPFym-GAqtWxtG3=s800-c-k-c0x00ffffff-no-rj",
      "english_name": "MyHolo TV Official"
    },
    "collabs": [
      {
        "id": "UCtfVp4B9rBl1zF3wKI-oK_A",
        "name": "Virion Kisei Ch. 寄星 ビリオン【MyHolo TV】",
        "duration_seconds": 159
      },
      {
        "id": "UCf5X1k-R3Vk-2OYYKraJ7dQ",
        "name": "Lunaris Urufi Ch. 人狼 ルナリス【VOGI】",
        "duration_seconds": 159
      }
    ]
  },
  {
    "id": "vBepvzz5hhM",
    "title": "【SONG】怪物 YOASOBI feat. Liliana Vampaia, Virion Kisei, Athelia Hiroyuki, Lunaris Urufi, HØRI 07",
    "type": "stream",
    "published_at": "2022-04-17T09:15:34.000Z",
    "available_at": "2022-04-17T09:15:34.000Z",
    "duration": 205,
    "status": "past",
    "start_scheduled": "2022-04-17T09:15:27.000Z",
    "start_actual": "2022-04-17T09:15:34.000Z",
    "end_actual": "2022-04-17T09:20:57.000Z",
    "live_viewers": 0,
    "mentions": [
      {
        "id": "UCtfVp4B9rBl1zF3wKI-oK_A",
        "org": "MyHolo TV",
        "lang": null,
        "name": "Virion Kisei Ch. 寄星 ビリオン【MyHolo TV】",
        "type": "vtuber",
        "photo": "https://yt3.ggpht.com/YFQ3zA7N4whcnFG-jByIW3W2zPsFZq0tpaLxlyL26rligDzeidjDeIDm3q8oFgxGY0sedYbZA6c=s800-c-k-c0x00ffffff-no-rj",
        "suborg": "ZZ",
        "english_name": "Virion Kisei"
      },
      {
        "id": "UCptFEtQFy6u0_hReq9i8DCQ",
        "org": "MyHolo TV",
        "lang": null,
        "name": "Athelia Hiroyuki Ch. 博之 アテリア",
        "type": "vtuber",
        "photo": "https://yt3.ggpht.com/fYu6spLN_ONVWyA0H1wEcVt7unYdrkLhDlCk6vijMSQubbxudoO-8c30XCx7FmgXN6HLG08B=s800-c-k-c0x00ffffff-no-rj",
        "suborg": "ZZ",
        "english_name": "Athelia Hiroyuki"
      },
      {
        "id": "UCf5X1k-R3Vk-2OYYKraJ7dQ",
        "org": "MyHolo TV",
        "lang": null,
        "name": "Lunaris Urufi Ch. 人狼 ルナリス【VOGI】",
        "type": "vtuber",
        "photo": "https://yt3.ggpht.com/ikZ3diqZK-mQkQ6zezzzOlesDVZQ7q_pkJbMVlJVRJXD1zhBsB1gex6z3lj9E22DuXcQpdlS=s800-c-k-c0x00ffffff-no-rj",
        "suborg": "01Kensou!!",
        "english_name": "Lunaris Urufi"
      }
    ],
    "channel": {
      "id": "UCS1IqPUpSTzxuCvoPLqocFA",
      "name": "MyHolo TV",
      "org": "MyHolo TV",
      "suborg": "00Official",
      "type": "vtuber",
      "photo": "https://yt3.ggpht.com/Zi5CiuubPihP4vHQPdfaJ4KINFWK6gL-PUbxukMXnXvVHl5TFDQDeAyNzPPFym-GAqtWxtG3=s800-c-k-c0x00ffffff-no-rj",
      "english_name": "MyHolo TV Official"
    },
    "collabs": [
      {
        "id": "UCtfVp4B9rBl1zF3wKI-oK_A",
        "name": "Virion Kisei Ch. 寄星 ビリオン【MyHolo TV】",
        "duration_seconds": 323
      },
      {
        "id": "UCptFEtQFy6u0_hReq9i8DCQ",
        "name": "Athelia Hiroyuki Ch. 博之 アテリア",
        "duration_seconds": 323
      },
      {
        "id": "UCf5X1k-R3Vk-2OYYKraJ7dQ",
        "name": "Lunaris Urufi Ch. 人狼 ルナリス【VOGI】",
        "duration_seconds": 323
      }
    ]
  },
  {
    "id": "h3325yeM0r4",
    "title": "【MonstarZ】6 Months Anniversary Celebration + BIG ANNOUNCEMENT!",
    "type": "stream",
    "topic_id": "Anniversary",
    "published_at": "2022-04-17T09:55:32.000Z",
    "available_at": "2022-04-17T07:01:32.000Z",
    "duration": 9729,
    "status": "past",
    "start_scheduled": "2022-04-17T07:00:00.000Z",
    "start_actual": "2022-04-17T07:01:32.000Z",
    "end_actual": "2022-04-17T09:43:43.000Z",
    "live_viewers": 0,
    "mentions": [
      {
        "id": "UCf5X1k-R3Vk-2OYYKraJ7dQ",
        "org": "MyHolo TV",
        "lang": null,
        "name": "Lunaris Urufi Ch. 人狼 ルナリス【VOGI】",
        "type": "vtuber",
        "photo": "https://yt3.ggpht.com/ikZ3diqZK-mQkQ6zezzzOlesDVZQ7q_pkJbMVlJVRJXD1zhBsB1gex6z3lj9E22DuXcQpdlS=s800-c-k-c0x00ffffff-no-rj",
        "suborg": "01Kensou!!",
        "english_name": "Lunaris Urufi"
      },
      {
        "id": "UCptFEtQFy6u0_hReq9i8DCQ",
        "org": "MyHolo TV",
        "lang": null,
        "name": "Athelia Hiroyuki Ch. 博之 アテリア",
        "type": "vtuber",
        "photo": "https://yt3.ggpht.com/fYu6spLN_ONVWyA0H1wEcVt7unYdrkLhDlCk6vijMSQubbxudoO-8c30XCx7FmgXN6HLG08B=s800-c-k-c0x00ffffff-no-rj",
        "suborg": "ZZ",
        "english_name": "Athelia Hiroyuki"
      },
      {
        "id": "UCtfVp4B9rBl1zF3wKI-oK_A",
        "org": "MyHolo TV",
        "lang": null,
        "name": "Virion Kisei Ch. 寄星 ビリオン【MyHolo TV】",
        "type": "vtuber",
        "photo": "https://yt3.ggpht.com/YFQ3zA7N4whcnFG-jByIW3W2zPsFZq0tpaLxlyL26rligDzeidjDeIDm3q8oFgxGY0sedYbZA6c=s800-c-k-c0x00ffffff-no-rj",
        "suborg": "ZZ",
        "english_name": "Virion Kisei"
      }
    ],
    "channel": {
      "id": "UCS1IqPUpSTzxuCvoPLqocFA",
      "name": "MyHolo TV",
      "org": "MyHolo TV",
      "suborg": "00Official",
      "type": "vtuber",
      "photo": "https://yt3.ggpht.com/Zi5CiuubPihP4vHQPdfaJ4KINFWK6gL-PUbxukMXnXvVHl5TFDQDeAyNzPPFym-GAqtWxtG3=s800-c-k-c0x00ffffff-no-rj",
      "english_name": "MyHolo TV Official"
    },
    "collabs": [
      {
        "id": "UCf5X1k-R3Vk-2OYYKraJ7dQ",
        "name": "Lunaris Urufi Ch. 人狼 ルナリス【VOGI】",
        "duration_seconds": 9731
      },
      {
        "id": "UCptFEtQFy6u0_hReq9i8DCQ",
        "name": "Athelia Hiroyuki Ch. 博之 アテリア",
        "duration_seconds": 9731
      },
      {
        "id": "UCtfVp4B9rBl1zF3wKI-oK_A",
        "name": "Virion Kisei Ch. 寄星 ビリオン【MyHolo TV】",
        "duration_seconds": 9731
      }
    ]
  },
  {
    "id": "QslR59or3ts",
    "title": "JOHN WATERBUCKET 🤖",
    "type": "stream",
    "published_at": "2022-03-11T13:05:27.000Z",
    "available_at": "2022-03-11T13:05:27.000Z",
    "duration": 112,
    "status": "past",
    "mentions": [
      {
        "id": "UCf5X1k-R3Vk-2OYYKraJ7dQ",
        "org": "MyHolo TV",
        "lang": null,
        "name": "Lunaris Urufi Ch. 人狼 ルナリス【VOGI】",
        "type": "vtuber",
        "photo": "https://yt3.ggpht.com/ikZ3diqZK-mQkQ6zezzzOlesDVZQ7q_pkJbMVlJVRJXD1zhBsB1gex6z3lj9E22DuXcQpdlS=s800-c-k-c0x00ffffff-no-rj",
        "suborg": "01Kensou!!",
        "english_name": "Lunaris Urufi"
      },
      {
        "id": "UCptFEtQFy6u0_hReq9i8DCQ",
        "org": "MyHolo TV",
        "lang": null,
        "name": "Athelia Hiroyuki Ch. 博之 アテリア",
        "type": "vtuber",
        "photo": "https://yt3.ggpht.com/fYu6spLN_ONVWyA0H1wEcVt7unYdrkLhDlCk6vijMSQubbxudoO-8c30XCx7FmgXN6HLG08B=s800-c-k-c0x00ffffff-no-rj",
        "suborg": "ZZ",
        "english_name": "Athelia Hiroyuki"
      },
      {
        "id": "UCtfVp4B9rBl1zF3wKI-oK_A",
        "org": "MyHolo TV",
        "lang": null,
        "name": "Virion Kisei Ch. 寄星 ビリオン【MyHolo TV】",
        "type": "vtuber",
        "photo": "https://yt3.ggpht.com/YFQ3zA7N4whcnFG-jByIW3W2zPsFZq0tpaLxlyL26rligDzeidjDeIDm3q8oFgxGY0sedYbZA6c=s800-c-k-c0x00ffffff-no-rj",
        "suborg": "ZZ",
        "english_name": "Virion Kisei"
      }
    ],
    "channel": {
      "id": "UCS1IqPUpSTzxuCvoPLqocFA",
      "name": "MyHolo TV",
      "org": "MyHolo TV",
      "suborg": "00Official",
      "type": "vtuber",
      "photo": "https://yt3.ggpht.com/Zi5CiuubPihP4vHQPdfaJ4KINFWK6gL-PUbxukMXnXvVHl5TFDQDeAyNzPPFym-GAqtWxtG3=s800-c-k-c0x00ffffff-no-rj",
      "english_name": "MyHolo TV Official"
    },
    "collabs": [
      {
        "id": "UCf5X1k-R3Vk-2OYYKraJ7dQ",
        "name": "Lunaris Urufi Ch. 人狼 ルナリス【VOGI】",
        "duration_seconds": 112
      },
      {
        "id": "UCptFEtQFy6u0_hReq9i8DCQ",
        "name": "Athelia Hiroyuki Ch. 博之 アテリア",
        "duration_seconds": 112
      },
      {
        "id": "UCtfVp4B9rBl1zF3wKI-oK_A",
        "name": "Virion Kisei Ch. 寄星 ビリオン【MyHolo TV】",
        "duration_seconds": 112
      }
    ]
  },
  {
    "id": "IGxi8XeX6ow",
    "title": "Luna's sleep deprivation 💤💤💤",
    "type": "stream",
    "published_at": "2022-02-26T13:00:15.000Z",
    "available_at": "2022-02-26T13:00:15.000Z",
    "duration": 98,
    "status": "past",
    "mentions": [
      {
        "id": "UCf5X1k-R3Vk-2OYYKraJ7dQ",
        "org": "MyHolo TV",
        "lang": null,
        "name": "Lunaris Urufi Ch. 人狼 ルナリス【VOGI】",
        "type": "vtuber",
        "photo": "https://yt3.ggpht.com/ikZ3diqZK-mQkQ6zezzzOlesDVZQ7q_pkJbMVlJVRJXD1zhBsB1gex6z3lj9E22DuXcQpdlS=s800-c-k-c0x00ffffff-no-rj",
        "suborg": "01Kensou!!",
        "english_name": "Lunaris Urufi"
      },
      {
        "id": "UCptFEtQFy6u0_hReq9i8DCQ",
        "org": "MyHolo TV",
        "lang": null,
        "name": "Athelia Hiroyuki Ch. 博之 アテリア",
        "type": "vtuber",
        "photo": "https://yt3.ggpht.com/fYu6spLN_ONVWyA0H1wEcVt7unYdrkLhDlCk6vijMSQubbxudoO-8c30XCx7FmgXN6HLG08B=s800-c-k-c0x00ffffff-no-rj",
        "suborg": "ZZ",
        "english_name": "Athelia Hiroyuki"
      },
      {
        "id": "UCtfVp4B9rBl1zF3wKI-oK_A",
        "org": "MyHolo TV",
        "lang": null,
        "name": "Virion Kisei Ch. 寄星 ビリオン【MyHolo TV】",
        "type": "vtuber",
        "photo": "https://yt3.ggpht.com/YFQ3zA7N4whcnFG-jByIW3W2zPsFZq0tpaLxlyL26rligDzeidjDeIDm3q8oFgxGY0sedYbZA6c=s800-c-k-c0x00ffffff-no-rj",
        "suborg": "ZZ",
        "english_name": "Virion Kisei"
      }
    ],
    "channel": {
      "id": "UCS1IqPUpSTzxuCvoPLqocFA",
      "name": "MyHolo TV",
      "org": "MyHolo TV",
      "suborg": "00Official",
      "type": "vtuber",
      "photo": "https://yt3.ggpht.com/Zi5CiuubPihP4vHQPdfaJ4KINFWK6gL-PUbxukMXnXvVHl5TFDQDeAyNzPPFym-GAqtWxtG3=s800-c-k-c0x00ffffff-no-rj",
      "english_name": "MyHolo TV Official"
    },
    "collabs": [
      {
        "id": "UCf5X1k-R3Vk-2OYYKraJ7dQ",
        "name": "Lunaris Urufi Ch. 人狼 ルナリス【VOGI】",
        "duration_seconds": 98
      },
      {
        "id": "UCptFEtQFy6u0_hReq9i8DCQ",
        "name": "Athelia Hiroyuki Ch. 博之 アテリア",
        "duration_seconds": 98
      },
      {
        "id": "UCtfVp4B9rBl1zF3wKI-oK_A",
        "name": "Virion Kisei Ch. 寄星 ビリオン【MyHolo TV】",
        "duration_seconds": 98
      }
    ]
  },
  {
    "id": "Ou3vbcnGUDI",
    "title": "MyHolo TV - MonstarZ's @HORI07  (EN) Debut Announcement (1 Nov 2021)",
    "type": "stream",
    "topic_id": "announce",
    "published_at": "2021-10-29T14:55:08.000Z",
    "available_at": "2021-10-29T14:55:08.000Z",
    "duration": 69,
    "status": "past",
    "mentions": [
      {
        "id": "UCptFEtQFy6u0_hReq9i8DCQ",
        "org": "MyHolo TV",
        "lang": null,
        "name": "Athelia Hiroyuki Ch. 博之 アテリア",
        "type": "vtuber",
        "photo": "https://yt3.ggpht.com/fYu6spLN_ONVWyA0H1wEcVt7unYdrkLhDlCk6vijMSQubbxudoO-8c30XCx7FmgXN6HLG08B=s800-c-k-c0x00ffffff-no-rj",
        "suborg": "ZZ",
        "english_name": "Athelia Hiroyuki"
      },
      {
        "id": "UCMvc8BlQ7r5gRbz-D2EY0LA",
        "org": "Independents",
        "lang": null,
        "name": "HØRI 07 ⌜VZ⌟",
        "type": "vtuber",
        "photo": "https://yt3.ggpht.com/SQ_UiUeZ5bSS1rwP-Y8M4z_HdYsB_qacJsS8t1y3GRF0pMU6hBzAV05TUhmBoFdciy-pErj_URc=s800-c-k-c0x00ffffff-no-rj",
        "suborg": "vzVirtual Zeven",
        "english_name": "HØRI 07"
      },
      {
        "id": "UCf5X1k-R3Vk-2OYYKraJ7dQ",
        "org": "MyHolo TV",
        "lang": null,
        "name": "Lunaris Urufi Ch. 人狼 ルナリス【VOGI】",
        "type": "vtuber",
        "photo": "https://yt3.ggpht.com/ikZ3diqZK-mQkQ6zezzzOlesDVZQ7q_pkJbMVlJVRJXD1zhBsB1gex6z3lj9E22DuXcQpdlS=s800-c-k-c0x00ffffff-no-rj",
        "suborg": "01Kensou!!",
        "english_name": "Lunaris Urufi"
      },
      {
        "id": "UCtfVp4B9rBl1zF3wKI-oK_A",
        "org": "MyHolo TV",
        "lang": null,
        "name": "Virion Kisei Ch. 寄星 ビリオン【MyHolo TV】",
        "type": "vtuber",
        "photo": "https://yt3.ggpht.com/YFQ3zA7N4whcnFG-jByIW3W2zPsFZq0tpaLxlyL26rligDzeidjDeIDm3q8oFgxGY0sedYbZA6c=s800-c-k-c0x00ffffff-no-rj",
        "suborg": "ZZ",
        "english_name": "Virion Kisei"
      }
    ],
    "channel": {
      "id": "UCS1IqPUpSTzxuCvoPLqocFA",
      "name": "MyHolo TV",
      "org": "MyHolo TV",
      "suborg": "00Official",
      "type": "vtuber",
      "photo": "https://yt3.ggpht.com/Zi5CiuubPihP4vHQPdfaJ4KINFWK6gL-PUbxukMXnXvVHl5TFDQDeAyNzPPFym-GAqtWxtG3=s800-c-k-c0x00ffffff-no-rj",
      "english_name": "MyHolo TV Official"
    },
    "collabs": [
      {
        "id": "UCptFEtQFy6u0_hReq9i8DCQ",
        "name": "Athelia Hiroyuki Ch. 博之 アテリア",
        "duration_seconds": 69
      },
      {
        "id": "UCMvc8BlQ7r5gRbz-D2EY0LA",
        "name": "HØRI 07 ⌜VZ⌟",
        "duration_seconds": 69
      },
      {
        "id": "UCf5X1k-R3Vk-2OYYKraJ7dQ",
        "name": "Lunaris Urufi Ch. 人狼 ルナリス【VOGI】",
        "duration_seconds": 69
      },
      {
        "id": "UCtfVp4B9rBl1zF3wKI-oK_A",
        "name": "Virion Kisei Ch. 寄星 ビリオン【MyHolo TV】",
        "duration_seconds": 69
      }
    ]
  },
  {
    "id": "9tBOW9F24W8",
    "title": "MyHolo TV - MonstarZ's VTuber Debut Announcement (16 Oct 2021)",
    "type": "stream",
    "topic_id": "announce",
    "published_at": "2021-10-06T14:51:59.000Z",
    "available_at": "2021-10-06T14:51:59.000Z",
    "duration": 76,
    "status": "past",
    "mentions": [
      {
        "id": "UCptFEtQFy6u0_hReq9i8DCQ",
        "org": "MyHolo TV",
        "lang": null,
        "name": "Athelia Hiroyuki Ch. 博之 アテリア",
        "type": "vtuber",
        "photo": "https://yt3.ggpht.com/fYu6spLN_ONVWyA0H1wEcVt7unYdrkLhDlCk6vijMSQubbxudoO-8c30XCx7FmgXN6HLG08B=s800-c-k-c0x00ffffff-no-rj",
        "suborg": "ZZ",
        "english_name": "Athelia Hiroyuki"
      },
      {
        "id": "UCf5X1k-R3Vk-2OYYKraJ7dQ",
        "org": "MyHolo TV",
        "lang": null,
        "name": "Lunaris Urufi Ch. 人狼 ルナリス【VOGI】",
        "type": "vtuber",
        "photo": "https://yt3.ggpht.com/ikZ3diqZK-mQkQ6zezzzOlesDVZQ7q_pkJbMVlJVRJXD1zhBsB1gex6z3lj9E22DuXcQpdlS=s800-c-k-c0x00ffffff-no-rj",
        "suborg": "01Kensou!!",
        "english_name": "Lunaris Urufi"
      },
      {
        "id": "UCtfVp4B9rBl1zF3wKI-oK_A",
        "org": "MyHolo TV",
        "lang": null,
        "name": "Virion Kisei Ch. 寄星 ビリオン【MyHolo TV】",
        "type": "vtuber",
        "photo": "https://yt3.ggpht.com/YFQ3zA7N4whcnFG-jByIW3W2zPsFZq0tpaLxlyL26rligDzeidjDeIDm3q8oFgxGY0sedYbZA6c=s800-c-k-c0x00ffffff-no-rj",
        "suborg": "ZZ",
        "english_name": "Virion Kisei"
      }
    ],
    "channel": {
      "id": "UCS1IqPUpSTzxuCvoPLqocFA",
      "name": "MyHolo TV",
      "org": "MyHolo TV",
      "suborg": "00Official",
      "type": "vtuber",
      "photo": "https://yt3.ggpht.com/Zi5CiuubPihP4vHQPdfaJ4KINFWK6gL-PUbxukMXnXvVHl5TFDQDeAyNzPPFym-GAqtWxtG3=s800-c-k-c0x00ffffff-no-rj",
      "english_name": "MyHolo TV Official"
    },
    "collabs": [
      {
        "id": "UCptFEtQFy6u0_hReq9i8DCQ",
        "name": "Athelia Hiroyuki Ch. 博之 アテリア",
        "duration_seconds": 76
      },
      {
        "id": "UCf5X1k-R3Vk-2OYYKraJ7dQ",
        "name": "Lunaris Urufi Ch. 人狼 ルナリス【VOGI】",
        "duration_seconds": 76
      },
      {
        "id": "UCtfVp4B9rBl1zF3wKI-oK_A",
        "name": "Virion Kisei Ch. 寄星 ビリオン【MyHolo TV】",
        "duration_seconds": 76
      }
    ]
  }
]