[
  {
    "id": "bazumQf5skw",
    "title": "アイリス (Daybreak ver.)",
    "type": "stream",
    "topic_id": "Original_Song",
    "published_at": "2022-02-10T10:08:10.000Z",
    "available_at": "2022-02-10T10:08:10.000Z",
    "duration": 437,
    "status": "past",
    "songcount": 1,
    "original_channel_id": "UCqozWN6dG6ciUtBWypwLkqA",
    "channel": {
      "id": "UCl_gCybOJRIgOXw6Qb4qJzQ",
      "name": "Rushia Ch. 潤羽るしあ",
      "org": "Hololive",
      "suborg": "eb3rd Generation (Fantasy)",
      "type": "vtuber",
      "photo": "https://yt3.ggpht.com/ytc/AMLnZu9cOjR_bgBuDzX45gUUMHCDo1HLLiecGY-Y1yPCDg=s800-c-k-c0x00ffffff-no-rj",
      "english_name": "Uruha Rushia"
    },
    "collabs": []
  },
  {
    "id": "qj_IEczYh64",
    "title": "思ひ恋ふ (Instrumental)",
    "type": "stream",
    "topic_id": "Original_Song",
    "published_at": "2022-01-22T10:07:39.000Z",
    "available_at": "2022-01-22T10:07:39.000Z",
    "duration": 242,
    "status": "past",
    "songcount": 1,
    "original_channel_id": "UCqozWN6dG6ciUtBWypwLkqA",
    "channel": {
      "id": "UCl_gCybOJRIgOXw6Qb4qJzQ",
      "name": "Rushia Ch. 潤羽るしあ",
      "org": "Hololive",
      "suborg": "eb3rd Generation (Fantasy)",
      "type": "vtuber",
      "photo": "https://yt3.ggpht.com/ytc/AMLnZu9cOjR_bgBuDzX45gUUMHCDo1HLLiecGY-Y1yPCDg=s800-c-k-c0x00ffffff-no-rj",
      "english_name": "Uruha Rushia"
    },
    "collabs": []
  },
  {
    "id": "X3yVtLSgEzE",
    "title": "思ひ恋ふ",
    "type": "stream",
    "topic_id": "Original_Song",
    "published_at": "2022-01-22T10:01:18.000Z",
    "available_at": "2022-01-22T10:01:18.000Z",
    "duration": 242,
    "status": "past",
    "songcount": 1,
    "original_channel_id": "UCqozWN6dG6ciUtBWypwLkqA",
    "channel": {
      "id": "UCl_gCybOJRIgOXw6Qb4qJzQ",
      "name": "Rushia Ch. 潤羽るしあ",
      "org": "Hololive",
      "suborg": "eb3rd Generation (Fantasy)",
      "type": "vtuber",
      "photo": "https://yt3.ggpht.com/ytc/AMLnZu9cOjR_bgBuDzX45gUUMHCDo1HLLiecGY-Y1yPCDg=s800-c-k-c0x00ffffff-no-rj",
      "english_name": "Uruha Rushia"
    },
    "collabs": []
  },
  {
    "id": "VWUmIHL6Ghg",
    "title": "アイリス (Instrumental)",
    "type": "stream",
    "topic_id": "Original_Song",
    "published_at": "2021-01-22T10:25:47.000Z",
    "available_at": "2021-01-22T10:25:47.000Z",
    "duration": 286,
    "status": "past",
    "songcount": 1,
    "original_channel_id": "UCqozWN6dG6ciUtBWypwLkqA",
    "channel": {
      "id": "UCl_gCybOJRIgOXw6Qb4qJzQ",
      "name": "Rushia Ch. 潤羽るしあ",
      "org": "Hololive",
      "suborg": "eb3rd Generation (Fantasy)",
      "type": "vtuber",
      "photo": "https://yt3.ggpht.com/ytc/AMLnZu9cOjR_bgBuDzX45gUUMHCDo1HLLiecGY-Y1yPCDg=s800-c-k-c0x00ffffff-no-rj",
      "english_name": "Uruha Rushia"
    },
    "collabs": []
  },
  {
    "id": "BVGTUkMBUXI",
    "title": "アイリス",
    "type": "stream",
    "topic_id": "Original_Song",
    "published_at": "2021-01-22T10:25:47.000Z",
    "available_at": "2021-01-22T10:25:47.000Z",
    "duration": 286,
    "status": "past",
    "songcount": 1,
    "original_channel_id": "UCqozWN6dG6ciUtBWypwLkqA",
    "channel": {
      "id": "UCl_gCybOJRIgOXw6Qb4qJzQ",
      "name": "Rushia Ch. 潤羽るしあ",
      "org": "Hololive",
      "suborg": "eb3rd Generation (Fantasy)",
      "type": "vtuber",
      "photo": "https://yt3.ggpht.com/ytc/AMLnZu9cOjR_bgBuDzX45gUUMHCDo1HLLiecGY-Y1yPCDg=s800-c-k-c0x00ffffff-no-rj",
      "english_name": "Uruha Rushia"
    },
    "collabs": []
  }
]