[
  {
    "id": "eDJcwed182s",
    "title": "Chaos und Cheats In Age of Empires II【Takanashi Kiara HoloEN】",
    "type": "stream",
    "topic_id": "Age_of_Empires",
    "published_at": "2023-06-24T15:56:38.000Z",
    "available_at": "2023-06-24T15:56:38.000Z",
    "duration": 335,
    "status": "past",
    "start_scheduled": "2023-06-24T15:56:19.000Z",
    "start_actual": "2023-06-24T15:56:38.000Z",
    "end_actual": "2023-06-24T16:04:10.000Z",
    "live_viewers": 0,
    "mentions": [
      {
        "id": "UCHsx4Hqa-1ORjQTh9TYDhww",
        "org": "Hololive",
        "lang": null,
        "name": "Takanashi Kiara Ch. hololive-EN",
        "type": "vtuber",
        "photo": "https://yt3.ggpht.com/vnzn_RiKneABPPnp1-0SO4IAZQRXqVsL5RNDQYGR9GhT-Flm47vM4UJeyGfn4U_gteKqJMBwNA=s800-c-k-c0x00ffffff-no-rj",
        "suborg": "h English -Myth-",
        "english_name": "Takanashi Kiara"
      }
    ],
    "channel": {
      "id": "UCq4ky2drohLT7W0DmDEw1dQ",
      "name": "Takanashi Kiara SubCh.",
      "org": "Hololive",
      "suborg": "h_English -Myth-",
      "type": "vtuber",
      "photo": "https://yt3.ggpht.com/DEiBQyK-OJTPD8r3ijwq-z_qEalcvIfX8h1eaAtMO5RhIG4stQ4oZrDCg7DeQ_K8S4c9EcjRIt4=s800-c-k-c0x00ffffff-no-rj",
      "english_name": "Takanashi Kiara SubCh."
    },
    "collabs": [
      {
        "id": "UCHsx4Hqa-1ORjQTh9TYDhww",
        "name": "Takanashi Kiara Ch. hololive-EN",
        "duration_seconds": 452
      }
    ]
  },
  {
    "id": "FqM6EACe0G4",
    "title": "Autos, Geld & Schießereien - Erstes Mal GTA V !!! 【Takanashi Kiara HoloEN】",
    "type": "stream",
    "topic_id": "GTA",
    "published_at": "2022-10-12T18:22:56.000Z",
    "available_at": "2022-10-12T18:22:56.000Z",
    "duration": 483,
    "status": "past",
    "start_scheduled": "2022-10-12T18:22:37.000Z",
    "start_actual": "2022-10-12T18:22:56.000Z",
    "end_actual": "2022-10-12T18:32:52.000Z",
    "live_viewers": 0,
    "mentions": [
      {
        "id": "UCHsx4Hqa-1ORjQTh9TYDhww",
        "org": "Hololive",
        "lang": null,
        "name": "Takanashi Kiara Ch. hololive-EN",
        "type": "vtuber",
        "photo": "https://yt3.ggpht.com/vnzn_RiKneABPPnp1-0SO4IAZQRXqVsL5RNDQYGR9GhT-Flm47vM4UJeyGfn4U_gteKqJMBwNA=s800-c-k-c0x00ffffff-no-rj",
        "suborg": "h English -Myth-",
        "english_name": "Takanashi Kiara"
      }
    ],
    "channel": {
      "id": "UCq4ky2drohLT7W0DmDEw1dQ",
      "name": "Takanashi Kiara SubCh.",
      "org": "Hololive",
      "suborg": "h_English -Myth-",
      "type": "vtuber",
      "photo": "https://yt3.ggpht.com/DEiBQyK-OJTPD8r3ijwq-z_qEalcvIfX8h1eaAtMO5RhIG4stQ4oZrDCg7DeQ_K8S4c9EcjRIt4=s800-c-k-c0x00ffffff-no-rj",
      "english_name": "Takanashi Kiara SubCh."
    },
    "collabs": [
      {
        "id": "UCHsx4Hqa-1ORjQTh9TYDhww",
        "name": "Takanashi Kiara Ch. hololive-EN",
        "duration_seconds": 596
      }
    ]
  },
  {
    "id": "ckbBnXFq4tI",
    "title": "【GERMAN STREAM】Dicey Dungeons!!! Die Roguelike Sucht geht weiter! #kfp #キアライブ",
    "type": "stream",
    "topic_id": "Dicey_Dungeons",
    "published_at": "2022-09-23T21:04:42.000Z",
    "available_at": "2022-09-23T18:01:26.000Z",
    "duration": 10406,
    "status": "past",
    "live_tl_count": {
      "en": 234
    },
    "start_scheduled": "2022-09-23T18:00:00.000Z",
    "start_actual": "2022-09-23T18:01:26.000Z",
    "end_actual": "2022-09-23T20:55:07.000Z",
    "live_viewers": 0,
    "mentions": [
      {
        "id": "UCHsx4Hqa-1ORjQTh9TYDhww",
        "org": "Hololive",
        "lang": null,
        "name": "Takanashi Kiara Ch. hololive-EN",
        "type": "vtuber",
        "photo": "https://yt3.ggpht.com/vnzn_RiKneABPPnp1-0SO4IAZQRXqVsL5RNDQYGR9GhT-Flm47vM4UJeyGfn4U_gteKqJMBwNA=s800-c-k-c0x00ffffff-no-rj",
        "suborg": "h English -Myth-",
        "english_name": "Takanashi Kiara"
      }
    ],
    "channel": {
      "id": "UCq4ky2drohLT7W0DmDEw1dQ",
      "name": "Takanashi Kiara SubCh.",
      "org": "Hololive",
      "suborg": "h_English -Myth-",
      "type": "vtuber",
      "photo": "https://yt3.ggpht.com/DEiBQyK-OJTPD8r3ijwq-z_qEalcvIfX8h1eaAtMO5RhIG4stQ4oZrDCg7DeQ_K8S4c9EcjRIt4=s800-c-k-c0x00ffffff-no-rj",
      "english_name": "Takanashi Kiara SubCh."
    },
    "collabs": [
      {
        "id": "UCHsx4Hqa-1ORjQTh9TYDhww",
        "name": "Takanashi Kiara Ch. hololive-EN",
        "duration_seconds": 10421
      }
    ]
  },
  {
    "id": "NyohqdmfaAY",
    "title": "Mein Erstes Mal In RUST.... Aller Anfang Ist SCHWER!",
    "type": "stream",
    "topic_id": "Rust",
    "published_at": "2022-09-18T16:13:45.000Z",
    "available_at": "2022-09-18T16:13:45.000Z",
    "duration": 240,
    "status": "past",
    "mentions": [
      {
        "id": "UCHsx4Hqa-1ORjQTh9TYDhww",
        "org": "Hololive",
        "lang": null,
        "name": "Takanashi Kiara Ch. hololive-EN",
        "type": "vtuber",
        "photo": "https://yt3.ggpht.com/vnzn_RiKneABPPnp1-0SO4IAZQRXqVsL5RNDQYGR9GhT-Flm47vM4UJeyGfn4U_gteKqJMBwNA=s800-c-k-c0x00ffffff-no-rj",
        "suborg": "h English -Myth-",
        "english_name": "Takanashi Kiara"
      }
    ],
    "channel": {
      "id": "UCq4ky2drohLT7W0DmDEw1dQ",
      "name": "Takanashi Kiara SubCh.",
      "org": "Hololive",
      "suborg": "h_English -Myth-",
      "type": "vtuber",
      "photo": "https://yt3.ggpht.com/DEiBQyK-OJTPD8r3ijwq-z_qEalcvIfX8h1eaAtMO5RhIG4stQ4oZrDCg7DeQ_K8S4c9EcjRIt4=s800-c-k-c0x00ffffff-no-rj",
      "english_name": "Takanashi Kiara SubCh."
    },
    "collabs": [
      {
        "id": "UCHsx4Hqa-1ORjQTh9TYDhww",
        "name": "Takanashi Kiara Ch. hololive-EN",
        "duration_seconds": 240
      }
    ]
  },
  {
    "id": "XNnDHVbOBas",
    "title": "【DEBUT STREAM】Sprechen Sie Deutsch? #kfp #キアライブ",
    "type": "stream",
    "topic_id": "Debut_Stream",
    "published_at": "2022-09-13T19:14:49.000Z",
    "available_at": "2022-09-13T18:01:00.000Z",
    "duration": 4125,
    "status": "past",
    "live_tl_count": {
      "en": 441
    },
    "start_scheduled": "2022-09-13T18:00:00.000Z",
    "start_actual": "2022-09-13T18:01:00.000Z",
    "end_actual": "2022-09-13T19:09:59.000Z",
    "live_viewers": 0,
    "mentions": [
      {
        "id": "UCHsx4Hqa-1ORjQTh9TYDhww",
        "org": "Hololive",
        "lang": null,
        "name": "Takanashi Kiara Ch. hololive-EN",
        "type": "vtuber",
        "photo": "https://yt3.ggpht.com/vnzn_RiKneABPPnp1-0SO4IAZQRXqVsL5RNDQYGR9GhT-Flm47vM4UJeyGfn4U_gteKqJMBwNA=s800-c-k-c0x00ffffff-no-rj",
        "suborg": "h English -Myth-",
        "english_name": "Takanashi Kiara"
      }
    ],
    "channel": {
      "id": "UCq4ky2drohLT7W0DmDEw1dQ",
      "name": "Takanashi Kiara SubCh.",
      "org": "Hololive",
      "suborg": "h_English -Myth-",
      "type": "vtuber",
      "photo": "https://yt3.ggpht.com/DEiBQyK-OJTPD8r3ijwq-z_qEalcvIfX8h1eaAtMO5RhIG4stQ4oZrDCg7DeQ_K8S4c9EcjRIt4=s800-c-k-c0x00ffffff-no-rj",
      "english_name": "Takanashi Kiara SubCh."
    },
    "collabs": [
      {
        "id": "UCHsx4Hqa-1ORjQTh9TYDhww",
        "name": "Takanashi Kiara Ch. hololive-EN",
        "duration_seconds": 4139
      }
    ]
  }
]